date,vh,vv
2022-01-01/2022-02-01,0.02725304,0.14129964
2022-01-01/2022-02-01,0.019327018,0.39826763
2022-01-01/2022-02-01,0.033111528,0.14368527
2022-01-01/2022-02-01,0.033151895,0.12128645
2022-01-01/2022-02-01,0.02233138,0.20513526
2022-01-01/2022-02-01,0.028515937,0.12390676
2022-01-01/2022-02-01,0.015988456,0.17261872
2022-01-01/2022-02-01,0.029395118,0.12675883
2022-01-01/2022-02-01,0.025953926,0.2549712
2022-01-01/2022-02-01,0.029143237,0.12074274
2022-01-01/2022-02-01,0.038228706,0.14971247
2022-01-01/2022-02-01,0.024182338,0.15007561
2022-01-01/2022-02-01,0.025565665,0.13750364
2022-01-01/2022-02-01,0.02560604,0.115691766
2022-01-01/2022-02-01,0.029015835,0.19926186
2022-01-01/2022-02-01,0.027253445,0.17912701
2022-01-01/2022-02-01,0.01860499,0.20582718
2022-01-01/2022-02-01,0.032000992,0.17994982
2022-01-01/2022-02-01,0.02167746,0.19687666
2022-01-01/2022-02-01,0.023536887,0.0821895
2022-01-01/2022-02-01,0.027710889,0.20065768
2022-01-01/2022-02-01,0.028332926,0.16945833
2022-01-01/2022-02-01,0.020211779,0.299693
2022-01-01/2022-02-01,0.026490368,0.27184424
2022-01-01/2022-02-01,0.024221722,0.15067619
2022-01-01/2022-02-01,0.011325195,0.13743378
2022-01-01/2022-02-01,0.016993426,0.34891376
2022-01-01/2022-02-01,0.025115881,0.22234243
2022-01-01/2022-02-01,0.021806464,0.1540325
2022-01-01/2022-02-01,0.022606637,0.23667483
2022-01-01/2022-02-01,0.036777917,0.16957706
2022-01-01/2022-02-01,0.037462413,0.113170326
2022-01-01/2022-02-01,0.035713665,0.16525483
2022-01-01/2022-02-01,0.023307875,0.13017124
2022-01-01/2022-02-01,0.018034901,0.26403806
2022-01-01/2022-02-01,0.028918168,0.18426818
2022-01-01/2022-02-01,0.031229153,0.17310198
2022-01-01/2022-02-01,0.018298175,0.2699702
2022-01-01/2022-02-01,0.031632148,0.14428829
2022-01-01/2022-02-01,0.02596685,0.102804765
2022-01-01/2022-02-01,0.033563934,0.11200644
2022-01-01/2022-02-01,0.03748604,0.17737031
2022-01-01/2022-02-01,0.035886403,0.17383894
2022-01-01/2022-02-01,0.036421,0.24693245
2022-01-01/2022-02-01,0.029835131,0.116757736
2022-01-01/2022-02-01,0.025211107,0.20746478
2022-01-01/2022-02-01,0.01940443,0.22479174
2022-01-01/2022-02-01,0.028592877,0.10732308
2022-01-01/2022-02-01,0.021482982,0.13486141
2022-01-01/2022-02-01,0.020307913,0.3862496
2022-01-01/2022-02-01,0.034105092,0.1507437
2022-01-01/2022-02-01,0.028543774,0.20701295
2022-01-01/2022-02-01,0.025785811,0.19785178
2022-01-01/2022-02-01,0.02369393,0.12355171
2022-01-01/2022-02-01,0.021337831,0.2229315
2022-01-01/2022-02-01,0.022418521,0.35355157
2022-01-01/2022-02-01,0.028770749,0.1168161
2022-01-01/2022-02-01,0.02965498,0.14586714
2022-01-01/2022-02-01,0.031212574,0.09621788
2022-01-01/2022-02-01,0.030803513,0.1541996
2022-01-01/2022-02-01,0.035579994,0.14850716
2022-01-01/2022-02-01,0.02091428,0.22668928
2022-01-01/2022-02-01,0.030615425,0.09506686
2022-01-01/2022-02-01,0.026494453,0.14534384
2022-01-01/2022-02-01,0.02499787,0.18897627
2022-01-01/2022-02-01,0.034741614,0.16289824
2022-01-01/2022-02-01,0.039937112,0.1411882
2022-01-01/2022-02-01,0.031407177,0.1490192
2022-01-01/2022-02-01,0.03578051,0.12987812
2022-01-01/2022-02-01,0.042046983,0.15070133
2022-01-01/2022-02-01,0.024971483,0.13472712
2022-01-01/2022-02-01,0.0191486,0.25056672
2022-01-01/2022-02-01,0.020888457,0.18553671
2022-01-01/2022-02-01,0.03025458,0.116316386
2022-01-01/2022-02-01,0.029931586,0.08950186
2022-01-01/2022-02-01,0.023517601,0.23742299
2022-01-01/2022-02-01,0.013428359,0.16304505
2022-01-01/2022-02-01,0.03403707,0.1353352
2022-01-01/2022-02-01,0.03048401,0.17066762
2022-01-01/2022-02-01,0.026529115,0.19493212
2022-01-01/2022-02-01,0.024467072,0.144867
2022-01-01/2022-02-01,0.029747028,0.14925665
2022-01-01/2022-02-01,0.011226484,0.3071694
2022-01-01/2022-02-01,0.019939717,0.2779893
2022-01-01/2022-02-01,0.034152776,0.098902255
2022-01-01/2022-02-01,0.034124706,0.12665977
2022-01-01/2022-02-01,0.04799944,0.12107176
2022-01-01/2022-02-01,0.024905033,0.1432238
2022-01-01/2022-02-01,0.032145992,0.09052533
2022-01-01/2022-02-01,0.04582958,0.16843882
2022-01-01/2022-02-01,0.036381803,0.16566284
2022-01-01/2022-02-01,0.032912336,0.13854805
2022-01-01/2022-02-01,0.020790946,0.27401698
2022-01-01/2022-02-01,0.024369381,0.20653611
2022-01-01/2022-02-01,0.026908971,0.23004845
2022-01-01/2022-02-01,0.03283031,0.21815434
2022-01-01/2022-02-01,0.030306498,0.10245611
2022-01-01/2022-02-01,0.036524713,0.18214554
2022-01-01/2022-02-01,0.039911903,0.13969377
2022-01-01/2022-02-01,0.024478087,0.21007708
2022-01-01/2022-02-01,0.026182238,0.07848625
2022-01-01/2022-02-01,0.027813718,0.19624405
2022-01-01/2022-02-01,0.035044104,0.14864103
2022-01-01/2022-02-01,0.017884504,0.22327507
2022-01-01/2022-02-01,0.021329904,0.3079176
2022-01-01/2022-02-01,0.016669441,0.28845704
2022-01-01/2022-02-01,0.033672377,0.12461666
2022-01-01/2022-02-01,0.02223244,0.1814211
2022-01-01/2022-02-01,0.03717033,0.16231576
2022-01-01/2022-02-01,0.035744533,0.12841797
2022-01-01/2022-02-01,0.02038293,0.20455424
2022-01-01/2022-02-01,0.028898798,0.1345668
2022-01-01/2022-02-01,0.037720554,0.17469524
2022-01-01/2022-02-01,0.047572277,0.277325
2022-01-01/2022-02-01,0.02946533,0.121815346
2022-01-01/2022-02-01,0.019490167,0.24090084
2022-01-01/2022-02-01,0.029295184,0.13734645
2022-01-01/2022-02-01,0.035937972,0.1418313
2022-01-01/2022-02-01,0.0349753,0.11076702
2022-01-01/2022-02-01,0.023568364,0.12595491
2022-01-01/2022-02-01,0.029602244,0.12680522
2022-01-01/2022-02-01,0.031186648,0.11524793
2022-01-01/2022-02-01,0.024129212,0.28439915
2022-01-01/2022-02-01,0.038249683,0.14535716
2022-01-01/2022-02-01,0.027162489,0.19450697
2022-01-01/2022-02-01,0.025659386,0.23483133
2022-01-01/2022-02-01,0.019725703,0.18417418
2022-01-01/2022-02-01,0.023377959,0.22215867
2022-01-01/2022-02-01,0.03785959,0.2496165
2022-01-01/2022-02-01,0.024969436,0.18215641
2022-01-01/2022-02-01,0.03223882,0.14847519
2022-01-01/2022-02-01,0.026693821,0.20130974
2022-01-01/2022-02-01,0.020356443,0.20889169
2022-01-01/2022-02-01,0.016285107,0.1865842
2022-01-01/2022-02-01,0.021685034,0.27126145
2022-01-01/2022-02-01,0.025386708,0.10232973
2022-01-01/2022-02-01,0.0368054,0.099379145
2022-01-01/2022-02-01,0.040238686,0.24197799
2022-01-01/2022-02-01,0.018190293,0.1910969
2022-01-01/2022-02-01,0.01823389,0.27949202
2022-01-01/2022-02-01,0.024083233,0.21823007
2022-01-01/2022-02-01,0.021106651,0.17415361
2022-01-01/2022-02-01,0.02928685,0.15254898
2022-01-01/2022-02-01,0.025572449,0.15560827
2022-01-01/2022-02-01,0.019779984,0.15450718
2022-01-01/2022-02-01,0.029128086,0.14357047
2022-01-01/2022-02-01,0.032105543,0.1295902
2022-01-01/2022-02-01,0.024761308,0.14209044
2022-01-01/2022-02-01,0.015700512,0.21482643
2022-01-01/2022-02-01,0.024862748,0.17041428
2022-01-01/2022-02-01,0.025146134,0.061710455
2022-01-01/2022-02-01,0.034684904,0.07641894
2022-01-01/2022-02-01,0.022395784,0.044513382
2022-01-01/2022-02-01,0.022083014,0.035964414
2022-01-01/2022-02-01,0.021953385,0.020024765
2022-01-01/2022-02-01,0.018368984,0.029696163
2022-01-01/2022-02-01,0.03138195,0.11095252
2022-01-01/2022-02-01,0.016698565,0.036281355
2022-01-01/2022-02-01,0.023481335,0.058015503
2022-01-01/2022-02-01,0.026776489,0.05775994
2022-01-01/2022-02-01,0.02117125,0.033152863
2022-01-01/2022-02-01,0.02833344,0.051883735
2022-01-01/2022-02-01,0.01778977,0.03333243
2022-01-01/2022-02-01,0.016963858,0.034391105
2022-01-01/2022-02-01,0.029296141,0.124769226
2022-01-01/2022-02-01,0.029971795,0.08647013
2022-01-01/2022-02-01,0.029708523,0.056992285
2022-01-01/2022-02-01,0.026497852,0.04814851
2022-01-01/2022-02-01,0.023056887,0.05587738
2022-01-01/2022-02-01,0.022112157,0.10907487
2022-01-01/2022-02-01,0.023366697,0.049452707
2022-01-01/2022-02-01,0.01740928,0.025819723
2022-01-01/2022-02-01,0.018543415,0.043223202
2022-01-01/2022-02-01,0.023208674,0.058921292
2022-01-01/2022-02-01,0.026266076,0.047936775
2022-01-01/2022-02-01,0.022906557,0.06676601
2022-01-01/2022-02-01,0.01950559,0.034951888
2022-01-01/2022-02-01,0.024331633,0.06138171
2022-01-01/2022-02-01,0.029917479,0.06269516
2022-01-01/2022-02-01,0.022209138,0.038136255
2022-01-01/2022-02-01,0.02050906,0.04282115
2022-01-01/2022-02-01,0.025376271,0.053761248
2022-01-01/2022-02-01,0.024127685,0.04001182
2022-01-01/2022-02-01,0.017123645,0.033445768
2022-01-01/2022-02-01,0.023341842,0.062718675
2022-01-01/2022-02-01,0.02710613,0.042676315
2022-01-01/2022-02-01,0.029329253,0.06741117
2022-01-01/2022-02-01,0.021410888,0.055972405
2022-01-01/2022-02-01,0.022891298,0.045724716
2022-01-01/2022-02-01,0.03248487,0.10206206
2022-01-01/2022-02-01,0.018135052,0.047300402
2022-01-01/2022-02-01,0.017444849,0.03516517
2022-01-01/2022-02-01,0.037709445,0.11922318
2022-01-01/2022-02-01,0.022075068,0.03329693
2022-01-01/2022-02-01,0.025829613,0.036955882
2022-01-01/2022-02-01,0.030264605,0.065990455
2022-01-01/2022-02-01,0.015434693,0.0235022
2022-01-01/2022-02-01,0.023682136,0.060172185
2022-01-01/2022-02-01,0.018231492,0.024042197
2022-01-01/2022-02-01,0.03119085,0.07646674
2022-01-01/2022-02-01,0.029730525,0.089471795
2022-01-01/2022-02-01,0.038643867,0.11694966
2022-01-01/2022-02-01,0.020959547,0.045309156
2022-01-01/2022-02-01,0.01792951,0.033986
2022-01-01/2022-02-01,0.018576436,0.04271908
2022-01-01/2022-02-01,0.023812234,0.045966886
2022-01-01/2022-02-01,0.02180609,0.053908672
2022-01-01/2022-02-01,0.028207842,0.05165676
2022-01-01/2022-02-01,0.018480375,0.032091677
2022-01-01/2022-02-01,0.02846682,0.053575993
2022-01-01/2022-02-01,0.01876098,0.039021134
2022-01-01/2022-02-01,0.022338979,0.120535314
2022-01-01/2022-02-01,0.02235713,0.065408714
2022-01-01/2022-02-01,0.017942432,0.037070543
2022-01-01/2022-02-01,0.02596607,0.07659899
2022-01-01/2022-02-01,0.029448297,0.057578333
2022-01-01/2022-02-01,0.025409244,0.059638374
2022-01-01/2022-02-01,0.027184758,0.041578226
2022-01-01/2022-02-01,0.019545853,0.054438546
2022-01-01/2022-02-01,0.0260605,0.053882286
2022-01-01/2022-02-01,0.022101168,0.031039074
2022-01-01/2022-02-01,0.038007107,0.105920464
2022-01-01/2022-02-01,0.030531812,0.09511781
2022-01-01/2022-02-01,0.02798232,0.08072263
2022-01-01/2022-02-01,0.03855277,0.12232047
2022-01-01/2022-02-01,0.018630395,0.061642163
2022-01-01/2022-02-01,0.023163551,0.05962038
2022-01-01/2022-02-01,0.022580061,0.07253356
2022-01-01/2022-02-01,0.02570213,0.05225344
2022-01-01/2022-02-01,0.016587114,0.043217205
2022-01-01/2022-02-01,0.019614607,0.054072615
2022-01-01/2022-02-01,0.019021083,0.041541606
2022-01-01/2022-02-01,0.023918824,0.05224917
2022-01-01/2022-02-01,0.019396901,0.03406886
2022-01-01/2022-02-01,0.033687852,0.08232644
2022-01-01/2022-02-01,0.026066383,0.071695045
2022-01-01/2022-02-01,0.021031443,0.056718364
2022-01-01/2022-02-01,0.034447037,0.05164948
2022-01-01/2022-02-01,0.030151803,0.03745863
2022-01-01/2022-02-01,0.034812126,0.09934889
2022-01-01/2022-02-01,0.024153031,0.05349811
2022-01-01/2022-02-01,0.01780364,0.060632903
2022-01-01/2022-02-01,0.0214552,0.06689808
2022-01-01/2022-02-01,0.018401723,0.025519934
2022-01-01/2022-02-01,0.022963155,0.03608024
2022-01-01/2022-02-01,0.015938567,0.022985963
2022-01-01/2022-02-01,0.022066824,0.040501922
2022-01-01/2022-02-01,0.013921232,0.033282265
2022-01-01/2022-02-01,0.026446428,0.11012712
2022-01-01/2022-02-01,0.030952575,0.09458028
2022-01-01/2022-02-01,0.02775497,0.04503415
2022-01-01/2022-02-01,0.02027731,0.03658762
2022-01-01/2022-02-01,0.026695251,0.06451499
2022-01-01/2022-02-01,0.019258717,0.032515958
2022-01-01/2022-02-01,0.015091915,0.029854894
2022-01-01/2022-02-01,0.020096771,0.04113535
2022-01-01/2022-02-01,0.020736836,0.047590576
2022-01-01/2022-02-01,0.028868746,0.03764683
2022-01-01/2022-02-01,0.035010573,0.1346539
2022-01-01/2022-02-01,0.015314619,0.0333793
2022-01-01/2022-02-01,0.023921665,0.0586141
2022-01-01/2022-02-01,0.032675236,0.09977037
2022-01-01/2022-02-01,0.033022422,0.085984856
2022-01-01/2022-02-01,0.023387391,0.035020836
2022-01-01/2022-02-01,0.022893582,0.036029212
2022-01-01/2022-02-01,0.025871795,0.048570298
2022-01-01/2022-02-01,0.023192257,0.058417976
2022-01-01/2022-02-01,0.020665461,0.04171422
2022-01-01/2022-02-01,0.025463752,0.045511737
2022-01-01/2022-02-01,0.025420722,0.056557104
2022-01-01/2022-02-01,0.020091642,0.03429885
2022-01-01/2022-02-01,0.017790444,0.035103083
2022-01-01/2022-02-01,0.020050965,0.03429356
2022-01-01/2022-02-01,0.02614927,0.03628159
2022-01-01/2022-02-01,0.020680774,0.053440858
2022-01-01/2022-02-01,0.020900644,0.055261455
2022-01-01/2022-02-01,0.0216421,0.052753992
2022-01-01/2022-02-01,0.02926592,0.063999884
2022-01-01/2022-02-01,0.028305583,0.09176302
2022-01-01/2022-02-01,0.01865087,0.048706725
2022-01-01/2022-02-01,0.018728912,0.03731778
2022-01-01/2022-02-01,0.024562242,0.06681868
2022-01-01/2022-02-01,0.019310098,0.045315266
2022-01-01/2022-02-01,0.0247031,0.07939075
2022-01-01/2022-02-01,0.027052278,0.04225202
2022-01-01/2022-02-01,0.021637268,0.05067783
2022-01-01/2022-02-01,0.030607192,0.072524555
2022-01-01/2022-02-01,0.02423947,0.060243815
2022-01-01/2022-02-01,0.018245155,0.021109726
2022-01-01/2022-02-01,0.036801357,0.12150155
2022-01-01/2022-02-01,0.022439113,0.06040571
2022-01-01/2022-02-01,0.0161522,0.030915597
2022-01-01/2022-02-01,0.029294971,0.05183021
2022-01-01/2022-02-01,0.024332486,0.045752887
2022-01-01/2022-02-01,0.017351624,0.03329868
2022-01-01/2022-02-01,0.029896665,0.07890165
2022-01-01/2022-02-01,0.031148858,0.09032333
2022-01-01/2022-02-01,0.022494521,0.034593917
2022-01-01/2022-02-01,0.027357861,0.048830837
2022-01-01/2022-02-01,0.022290733,0.038651012
2022-01-01/2022-02-01,0.039967574,0.17554449
2022-01-01/2022-02-01,0.048021965,0.20176497
2022-01-01/2022-02-01,0.048725642,0.2194219
2022-01-01/2022-02-01,0.055872932,0.28646928
2022-01-01/2022-02-01,0.061457522,0.19640096
2022-01-01/2022-02-01,0.04549138,0.14669892
2022-01-01/2022-02-01,0.044292502,0.16135615
2022-01-01/2022-02-01,0.04715997,0.2212991
2022-01-01/2022-02-01,0.050660294,0.19241695
2022-01-01/2022-02-01,0.04495814,0.16125423
2022-01-01/2022-02-01,0.03619098,0.11314317
2022-01-01/2022-02-01,0.043296464,0.14731151
2022-01-01/2022-02-01,0.06533476,0.2662726
2022-01-01/2022-02-01,0.05930123,0.36089292
2022-01-01/2022-02-01,0.05018218,0.26889786
2022-01-01/2022-02-01,0.04805025,0.22082543
2022-01-01/2022-02-01,0.053288154,0.20019594
2022-01-01/2022-02-01,0.06799383,0.24895573
2022-01-01/2022-02-01,0.076284364,0.29155725
2022-01-01/2022-02-01,0.057307046,0.27884114
2022-01-01/2022-02-01,0.0487542,0.28102928
2022-01-01/2022-02-01,0.058852796,0.27297226
2022-01-01/2022-02-01,0.06429936,0.24550822
2022-01-01/2022-02-01,0.03961942,0.17135671
2022-01-01/2022-02-01,0.040564455,0.18111306
2022-01-01/2022-02-01,0.048427127,0.17182907
2022-01-01/2022-02-01,0.058633097,0.18101373
2022-01-01/2022-02-01,0.07142891,0.18882956
2022-01-01/2022-02-01,0.039241944,0.17638135
2022-01-01/2022-02-01,0.03561191,0.16534448
2022-01-01/2022-02-01,0.043995816,0.18849054
2022-01-01/2022-02-01,0.045358136,0.17743912
2022-01-01/2022-02-01,0.04399512,0.18265277
2022-01-01/2022-02-01,0.042874254,0.2009277
2022-01-01/2022-02-01,0.044374727,0.19723794
2022-01-01/2022-02-01,0.045494933,0.19723794
2022-01-01/2022-02-01,0.046636287,0.1960183
2022-01-01/2022-02-01,0.048993066,0.21555641
2022-01-01/2022-02-01,0.05386386,0.2240225
2022-01-01/2022-02-01,0.05386386,0.24591556
2022-01-01/2022-02-01,0.05869022,0.25774565
2022-01-01/2022-02-01,0.05340494,0.21911448
2022-01-01/2022-02-01,0.02975482,0.15638927
2022-01-01/2022-02-01,0.03721063,0.18073456
2022-01-01/2022-02-01,0.05850621,0.22386336
2022-01-01/2022-02-01,0.061384737,0.21686873
2022-01-01/2022-02-01,0.0568598,0.2025396
2022-01-01/2022-02-01,0.050032973,0.20048216
2022-01-01/2022-02-01,0.05070544,0.22103707
2022-01-01/2022-02-01,0.044325225,0.23312557
2022-01-01/2022-02-01,0.036227383,0.19045609
2022-01-01/2022-02-01,0.04093287,0.20077106
2022-01-01/2022-02-01,0.057535663,0.22752076
2022-01-01/2022-02-01,0.05991561,0.19263461
2022-01-01/2022-02-01,0.051561236,0.18080866
2022-01-01/2022-02-01,0.04575994,0.19420706
2022-01-01/2022-02-01,0.040679343,0.22897193
2022-01-01/2022-02-01,0.03545954,0.12058313
2022-01-01/2022-02-01,0.035736658,0.09603487
2022-01-01/2022-02-01,0.039067965,0.13398689
2022-01-01/2022-02-01,0.049004126,0.19861798
2022-01-01/2022-02-01,0.054019086,0.21208076
2022-01-01/2022-02-01,0.03438735,0.1775957
2022-01-01/2022-02-01,0.032554556,0.12612501
2022-01-01/2022-02-01,0.039703887,0.13323306
2022-01-01/2022-02-01,0.048316065,0.17471123
2022-01-01/2022-02-01,0.05481661,0.2064047
2022-01-01/2022-02-01,0.03976509,0.16068614
2022-01-01/2022-02-01,0.035617582,0.13159898
2022-01-01/2022-02-01,0.02931653,0.1310586
2022-01-01/2022-02-01,0.038976427,0.13691202
2022-01-01/2022-02-01,0.04590754,0.16894259
2022-01-01/2022-02-01,0.044415284,0.20692542
2022-01-01/2022-02-01,0.03885287,0.14916669
2022-01-01/2022-02-01,0.05111824,0.20511511
2022-01-01/2022-02-01,0.057424016,0.2187581
2022-01-01/2022-02-01,0.055899136,0.21394168
2022-01-01/2022-02-01,0.03971125,0.19939029
2022-01-01/2022-02-01,0.043640625,0.22467938
2022-01-01/2022-02-01,0.063868254,0.22431795
2022-01-01/2022-02-01,0.058040526,0.25703198
2022-01-01/2022-02-01,0.06589728,0.29397795
2022-01-01/2022-02-01,0.056489997,0.21368581
2022-01-01/2022-02-01,0.049005404,0.20961593
2022-01-01/2022-02-01,0.054051675,0.24664208
2022-01-01/2022-02-01,0.054922998,0.19845316
2022-01-01/2022-02-01,0.04676424,0.17456704
2022-01-01/2022-02-01,0.045714043,0.16124319
2022-01-01/2022-02-01,0.04511684,0.14554773
2022-01-01/2022-02-01,0.05910328,0.19192964
2022-01-01/2022-02-01,0.06556703,0.19148204
2022-01-01/2022-02-01,0.05431833,0.21433675
2022-01-01/2022-02-01,0.056585465,0.24887073
2022-01-01/2022-02-01,0.029885935,0.18924335
2022-01-01/2022-02-01,0.023151059,0.14013788
2022-01-01/2022-02-01,0.032804478,0.13576207
2022-01-01/2022-02-01,0.05022446,0.1827205
2022-01-01/2022-02-01,0.061384737,0.23500633
2022-01-01/2022-02-01,0.0566827,0.27263886
2022-01-01/2022-02-01,0.050049834,0.24334678
2022-01-01/2022-02-01,0.0049581807,0.02211119
2022-01-01/2022-02-01,0.00799126,0.03933123
2022-01-01/2022-02-01,0.0062115774,0.020491041
2022-01-01/2022-02-01,0.007747584,0.03687547
2022-01-01/2022-02-01,0.0064438367,0.015329642
2022-01-01/2022-02-01,0.006140615,0.014932368
2022-01-01/2022-02-01,0.0054768287,0.017257828
2022-01-01/2022-02-01,0.0061475495,0.0119104935
2022-01-01/2022-02-01,0.0055729207,0.012999687
2022-01-01/2022-02-01,0.0059136488,0.014714511
2022-01-01/2022-02-01,0.0046105697,0.014981931
2022-01-01/2022-02-01,0.005118129,0.011801139
2022-01-01/2022-02-01,0.004387399,0.012048092
2022-01-01/2022-02-01,0.005130582,0.01245464
2022-01-01/2022-02-01,0.0063214675,0.016642192
2022-01-01/2022-02-01,0.0043403665,0.014434088
2022-01-01/2022-02-01,0.004812666,0.013909566
2022-01-01/2022-02-01,0.0047091125,0.013342811
2022-01-01/2022-02-01,0.0047758655,0.01225628
2022-01-01/2022-02-01,0.005232455,0.015311086
2022-01-01/2022-02-01,0.0047588972,0.019663002
2022-01-01/2022-02-01,0.004237133,0.015197555
2022-01-01/2022-02-01,0.0042572906,0.015997086
2022-01-01/2022-02-01,0.0048662135,0.014883298
2022-01-01/2022-02-01,0.0049938997,0.012564965
2022-01-01/2022-02-01,0.0045947554,0.013841663
2022-01-01/2022-02-01,0.0039748307,0.015422455
2022-01-01/2022-02-01,0.004025501,0.018691316
2022-01-01/2022-02-01,0.0061826184,0.029967595
2022-01-01/2022-02-01,0.0039236695,0.01621177
2022-01-01/2022-02-01,0.0042820675,0.016200198
2022-01-01/2022-02-01,0.0051382035,0.014260896
2022-01-01/2022-02-01,0.004471021,0.013083687
2022-01-01/2022-02-01,0.0038323356,0.013606451
2022-01-01/2022-02-01,0.0040770196,0.012985439
2022-01-01/2022-02-01,0.0042353924,0.013746935
2022-01-01/2022-02-01,0.0047427653,0.015198141
2022-01-01/2022-02-01,0.005803407,0.02395064
2022-01-01/2022-02-01,0.0040722527,0.01376814
2022-01-01/2022-02-01,0.0047352826,0.013889331
2022-01-01/2022-02-01,0.0045045903,0.0140212495
2022-01-01/2022-02-01,0.003499372,0.014445625
2022-01-01/2022-02-01,0.0035692975,0.013565443
2022-01-01/2022-02-01,0.0048829857,0.013578078
2022-01-01/2022-02-01,0.0049147373,0.013515845
2022-01-01/2022-02-01,0.0045420947,0.012711285
2022-01-01/2022-02-01,0.0049926755,0.013595019
2022-01-01/2022-02-01,0.0055136234,0.019128807
2022-01-01/2022-02-01,0.003964411,0.012666924
2022-01-01/2022-02-01,0.0043569915,0.012053344
2022-01-01/2022-02-01,0.050214022,0.26821953
2022-01-01/2022-02-01,0.051143184,0.26635116
2022-01-01/2022-02-01,0.046932463,0.26825023
2022-01-01/2022-02-01,0.050806507,0.25702584
2022-01-01/2022-02-01,0.054820195,0.27150112
2022-01-01/2022-02-01,0.05715578,0.25779033
2022-01-01/2022-02-01,0.057594746,0.2987514
2022-01-01/2022-02-01,0.066519186,0.33034903
2022-01-01/2022-02-01,0.064367756,0.2905175
2022-01-01/2022-02-01,0.056821056,0.26783937
2022-01-01/2022-02-01,0.052082755,0.2558559
2022-01-01/2022-02-01,0.062271677,0.25823742
2022-01-01/2022-02-01,0.064141005,0.2633228
2022-01-01/2022-02-01,0.06996164,0.30699646
2022-01-01/2022-02-01,0.06672384,0.26521486
2022-01-01/2022-02-01,0.062472925,0.25933176
2022-01-01/2022-02-01,0.056091167,0.25111067
2022-01-01/2022-02-01,0.053118818,0.21334262
2022-01-01/2022-02-01,0.04634808,0.24174413
2022-01-01/2022-02-01,0.05199822,0.2265765
2022-01-01/2022-02-01,0.05775539,0.24261709
2022-01-01/2022-02-01,0.0620803,0.27998585
2022-01-01/2022-02-01,0.06325272,0.25316224
2022-01-01/2022-02-01,0.0513118,0.2337072
2022-01-01/2022-02-01,0.04730837,0.19226086
2022-01-01/2022-02-01,0.044782326,0.20836736
2022-01-01/2022-02-01,0.04544636,0.215374
2022-01-01/2022-02-01,0.04790348,0.2059886
2022-01-01/2022-02-01,0.05130758,0.24028671
2022-01-01/2022-02-01,0.05725369,0.24028671
2022-01-01/2022-02-01,0.05183988,0.2173645
2022-01-01/2022-02-01,0.051434435,0.2267672
2022-01-01/2022-02-01,0.05544787,0.24091901
2022-01-01/2022-02-01,0.04515472,0.23336229
2022-01-01/2022-02-01,0.047963068,0.20864056
2022-01-01/2022-02-01,0.036902286,0.19162735
2022-01-01/2022-02-01,0.037588283,0.20108095
2022-01-01/2022-02-01,0.04549008,0.22699353
2022-01-01/2022-02-01,0.050458033,0.23582661
2022-01-01/2022-02-01,0.05840116,0.2702564
2022-01-01/2022-02-01,0.06702846,0.220963
2022-01-01/2022-02-01,0.05695428,0.23236
2022-01-01/2022-02-01,0.04692948,0.23306043
2022-01-01/2022-02-01,0.044958584,0.19160597
2022-01-01/2022-02-01,0.05091106,0.1870431
2022-01-01/2022-02-01,0.054987997,0.22065467
2022-01-01/2022-02-01,0.059716355,0.2649312
2022-01-01/2022-02-01,0.059673525,0.2290375
2022-01-01/2022-02-01,0.049239248,0.19981185
2022-01-01/2022-02-01,0.04216577,0.20599756
2022-01-01/2022-02-01,0.0058617685,0.022059638
2022-01-01/2022-02-01,0.0054453816,0.016112858
2022-01-01/2022-02-01,0.0058777994,0.023943154
2022-01-01/2022-02-01,0.0050693317,0.016244218
2022-01-01/2022-02-01,0.0058065597,0.023973415
2022-01-01/2022-02-01,0.0071696765,0.0262991
2022-01-01/2022-02-01,0.006581744,0.026890548
2022-01-01/2022-02-01,0.004099142,0.017650787
2022-01-01/2022-02-01,0.0047330307,0.01674912
2022-01-01/2022-02-01,0.0052682324,0.022917291
2022-01-01/2022-02-01,0.0072575663,0.025889508
2022-01-01/2022-02-01,0.010619316,0.03350329
2022-01-01/2022-02-01,0.0068750307,0.025289375
2022-01-01/2022-02-01,0.0040439824,0.01697308
2022-01-01/2022-02-01,0.0048212865,0.014751496
2022-01-01/2022-02-01,0.005190403,0.016791668
2022-01-01/2022-02-01,0.0053166533,0.018057168
2022-01-01/2022-02-01,0.008978589,0.025937933
2022-01-01/2022-02-01,0.0066705234,0.023806762
2022-01-01/2022-02-01,0.005608107,0.01662172
2022-01-01/2022-02-01,0.006182192,0.01697308
2022-01-01/2022-02-01,0.006094518,0.014187393
2022-01-01/2022-02-01,0.005263623,0.0147138
2022-01-01/2022-02-01,0.004526823,0.015212806
2022-01-01/2022-02-01,0.00544239,0.017231073
2022-01-01/2022-02-01,0.00635028,0.017258424
2022-01-01/2022-02-01,0.0057895025,0.014523065
2022-01-01/2022-02-01,0.0052345097,0.017446842
2022-01-01/2022-02-01,0.006149468,0.018979996
2022-01-01/2022-02-01,0.006574418,0.018914789
2022-01-01/2022-02-01,0.0069043804,0.016978357
2022-01-01/2022-02-01,0.0057043894,0.017381314
2022-01-01/2022-02-01,0.0041857366,0.0158111
2022-01-01/2022-02-01,0.0047285743,0.01784491
2022-01-01/2022-02-01,0.006677091,0.027223859
2022-01-01/2022-02-01,0.007534664,0.027533086
2022-01-01/2022-02-01,0.006692396,0.018877486
2022-01-01/2022-02-01,0.005424559,0.018928641
2022-01-01/2022-02-01,0.005867944,0.017737396
2022-01-01/2022-02-01,0.0061714915,0.019360164
2022-01-01/2022-02-01,0.0061955852,0.018756835
2022-01-01/2022-02-01,0.0064074975,0.019305017
2022-01-01/2022-02-01,0.0058779293,0.02040106
2022-01-01/2022-02-01,0.005089512,0.017412711
2022-01-01/2022-02-01,0.0047124233,0.020136636
2022-01-01/2022-02-01,0.0057399515,0.025638469
2022-01-01/2022-02-01,0.0065337894,0.028307457
2022-01-01/2022-02-01,0.005932034,0.019767951
2022-01-01/2022-02-01,0.005814396,0.017743155
2022-01-01/2022-02-01,0.005791699,0.019238181
2022-01-01/2022-02-01,0.048443086,0.18244132
2022-01-01/2022-02-01,0.04777191,0.20625791
2022-01-01/2022-02-01,0.045675397,0.17786407
2022-01-01/2022-02-01,0.048328884,0.22945753
2022-01-01/2022-02-01,0.05172918,0.27059335
2022-01-01/2022-02-01,0.051069368,0.22429256
2022-01-01/2022-02-01,0.046638727,0.20319018
2022-01-01/2022-02-01,0.050960436,0.17937568
2022-01-01/2022-02-01,0.05592212,0.21122581
2022-01-01/2022-02-01,0.058837872,0.2032243
2022-01-01/2022-02-01,0.050091043,0.16981399
2022-01-01/2022-02-01,0.05391507,0.24719872
2022-01-01/2022-02-01,0.05176549,0.23936734
2022-01-01/2022-02-01,0.057036474,0.25119835
2022-01-01/2022-02-01,0.057036474,0.23286806
2022-01-01/2022-02-01,0.05868265,0.18184306
2022-01-01/2022-02-01,0.060550563,0.17770354
2022-01-01/2022-02-01,0.059501603,0.18009338
2022-01-01/2022-02-01,0.05393104,0.17789078
2022-01-01/2022-02-01,0.051161453,0.200533
2022-01-01/2022-02-01,0.060837742,0.24890229
2022-01-01/2022-02-01,0.066205665,0.25677657
2022-01-01/2022-02-01,0.066942394,0.2572236
2022-01-01/2022-02-01,0.056124896,0.26666534
2022-01-01/2022-02-01,0.05445008,0.2416935
2022-01-01/2022-02-01,0.05885806,0.21679285
2022-01-01/2022-02-01,0.067635976,0.16874267
2022-01-01/2022-02-01,0.05581959,0.18025295
2022-01-01/2022-02-01,0.043828003,0.21355343
2022-01-01/2022-02-01,0.044579156,0.2171655
2022-01-01/2022-02-01,0.061400864,0.2274566
2022-01-01/2022-02-01,0.065604486,0.2651329
2022-01-01/2022-02-01,0.06372285,0.19797695
2022-01-01/2022-02-01,0.061655506,0.2455931
2022-01-01/2022-02-01,0.059813082,0.2322712
2022-01-01/2022-02-01,0.061980486,0.20526591
2022-01-01/2022-02-01,0.06118504,0.23342103
2022-01-01/2022-02-01,0.052372143,0.23885767
2022-01-01/2022-02-01,0.053999998,0.23506328
2022-01-01/2022-02-01,0.058460724,0.2579998
2022-01-01/2022-02-01,0.04329067,0.2565425
2022-01-01/2022-02-01,0.044233818,0.2554533
2022-01-01/2022-02-01,0.054457296,0.24774435
2022-01-01/2022-02-01,0.061862357,0.2174406
2022-01-01/2022-02-01,0.061844643,0.20343176
2022-01-01/2022-02-01,0.052146718,0.20205992
2022-01-01/2022-02-01,0.050652567,0.2143729
2022-01-01/2022-02-01,0.05625343,0.20219313
2022-01-01/2022-02-01,0.0608475,0.2431874
2022-01-01/2022-02-01,0.06621196,0.2646733
2022-02-01/2022-03-01,0.037833534,0.12997016
2022-02-01/2022-03-01,0.03400407,0.10684063
2022-02-01/2022-03-01,0.045578346,0.14822942
2022-02-01/2022-03-01,0.02816797,0.08601924
2022-02-01/2022-03-01,0.03843285,0.12073062
2022-02-01/2022-03-01,0.035822213,0.13272995
2022-02-01/2022-03-01,0.028558072,0.056320034
2022-02-01/2022-03-01,0.030183122,0.10067465
2022-02-01/2022-03-01,0.03604896,0.0991911
2022-02-01/2022-03-01,0.040053044,0.12553936
2022-02-01/2022-03-01,0.023676591,0.09940526
2022-02-01/2022-03-01,0.03735142,0.11994626
2022-02-01/2022-03-01,0.030929122,0.12194866
2022-02-01/2022-03-01,0.031186009,0.10920921
2022-02-01/2022-03-01,0.049826235,0.13523841
2022-02-01/2022-03-01,0.06650038,0.16643715
2022-02-01/2022-03-01,0.029947734,0.11068807
2022-02-01/2022-03-01,0.023573175,0.09907365
2022-02-01/2022-03-01,0.031744197,0.12743619
2022-02-01/2022-03-01,0.044926062,0.14815083
2022-02-01/2022-03-01,0.03337355,0.11009537
2022-02-01/2022-03-01,0.03936994,0.11855022
2022-02-01/2022-03-01,0.030912524,0.12485865
2022-02-01/2022-03-01,0.03862343,0.09104568
2022-02-01/2022-03-01,0.02866607,0.09188625
2022-02-01/2022-03-01,0.023668975,0.06586182
2022-02-01/2022-03-01,0.040182296,0.14231804
2022-02-01/2022-03-01,0.025655283,0.071399264
2022-02-01/2022-03-01,0.034488115,0.106373884
2022-02-01/2022-03-01,0.039340314,0.15600282
2022-02-01/2022-03-01,0.04696063,0.1251697
2022-02-01/2022-03-01,0.037078664,0.13058728
2022-02-01/2022-03-01,0.0288148,0.09404096
2022-02-01/2022-03-01,0.022774149,0.099569835
2022-02-01/2022-03-01,0.039973944,0.13601005
2022-02-01/2022-03-01,0.03174369,0.12938541
2022-02-01/2022-03-01,0.030635219,0.1260298
2022-02-01/2022-03-01,0.031325616,0.11138725
2022-02-01/2022-03-01,0.046855688,0.17464274
2022-02-01/2022-03-01,0.03256374,0.12368466
2022-02-01/2022-03-01,0.033806324,0.16852282
2022-02-01/2022-03-01,0.050538935,0.15543476
2022-02-01/2022-03-01,0.037156254,0.13637042
2022-02-01/2022-03-01,0.033856124,0.0934589
2022-02-01/2022-03-01,0.03300204,0.115267895
2022-02-01/2022-03-01,0.034615017,0.11316514
2022-02-01/2022-03-01,0.032906182,0.13081115
2022-02-01/2022-03-01,0.04309655,0.12066804
2022-02-01/2022-03-01,0.037824485,0.16401517
2022-02-01/2022-03-01,0.03336493,0.1263251
2022-02-01/2022-03-01,0.02999021,0.09539301
2022-02-01/2022-03-01,0.04980085,0.1246236
2022-02-01/2022-03-01,0.029646952,0.12938541
2022-02-01/2022-03-01,0.027901854,0.08964226
2022-02-01/2022-03-01,0.03089758,0.09872589
2022-02-01/2022-03-01,0.038008437,0.14832994
2022-02-01/2022-03-01,0.030972492,0.13608813
2022-02-01/2022-03-01,0.031825386,0.115125425
2022-02-01/2022-03-01,0.04381728,0.11449994
2022-02-01/2022-03-01,0.025261495,0.13918993
2022-02-01/2022-03-01,0.035826385,0.12059592
2022-02-01/2022-03-01,0.033848383,0.11666143
2022-02-01/2022-03-01,0.033466652,0.083027706
2022-02-01/2022-03-01,0.048616752,0.15256903
2022-02-01/2022-03-01,0.04727961,0.12550344
2022-02-01/2022-03-01,0.038822234,0.10181559
2022-02-01/2022-03-01,0.038429618,0.12167383
2022-02-01/2022-03-01,0.03596859,0.1463746
2022-02-01/2022-03-01,0.03492376,0.11486206
2022-02-01/2022-03-01,0.045927767,0.12123676
2022-02-01/2022-03-01,0.038723335,0.12009896
2022-02-01/2022-03-01,0.026888866,0.09105484
2022-02-01/2022-03-01,0.0350094,0.13753557
2022-02-01/2022-03-01,0.03986731,0.10805501
2022-02-01/2022-03-01,0.023528975,0.08613033
2022-02-01/2022-03-01,0.027833149,0.09876686
2022-02-01/2022-03-01,0.02379322,0.056584552
2022-02-01/2022-03-01,0.04151869,0.16975388
2022-02-01/2022-03-01,0.0357614,0.0962891
2022-02-01/2022-03-01,0.05289802,0.16258892
2022-02-01/2022-03-01,0.050535187,0.13980445
2022-02-01/2022-03-01,0.03874114,0.1331806
2022-02-01/2022-03-01,0.02011313,0.054745253
2022-02-01/2022-03-01,0.0360063,0.08897835
2022-02-01/2022-03-01,0.02975802,0.106266275
2022-02-01/2022-03-01,0.047398094,0.14761388
2022-02-01/2022-03-01,0.01863046,0.1375467
2022-02-01/2022-03-01,0.03222818,0.11728891
2022-02-01/2022-03-01,0.028709505,0.09666051
2022-02-01/2022-03-01,0.04583175,0.12598968
2022-02-01/2022-03-01,0.038452037,0.122467995
2022-02-01/2022-03-01,0.03464526,0.10575709
2022-02-01/2022-03-01,0.025728196,0.12554546
2022-02-01/2022-03-01,0.04195384,0.13338566
2022-02-01/2022-03-01,0.029774005,0.06228163
2022-02-01/2022-03-01,0.022980653,0.069001496
2022-02-01/2022-03-01,0.036863834,0.124889724
2022-02-01/2022-03-01,0.040195554,0.11293723
2022-02-01/2022-03-01,0.034806356,0.1143391
2022-02-01/2022-03-01,0.036376648,0.13688028
2022-02-01/2022-03-01,0.032209624,0.14706135
2022-02-01/2022-03-01,0.046734154,0.12560809
2022-02-01/2022-03-01,0.04923537,0.1536098
2022-02-01/2022-03-01,0.028263982,0.109712064
2022-02-01/2022-03-01,0.038033858,0.09208468
2022-02-01/2022-03-01,0.024787217,0.08165148
2022-02-01/2022-03-01,0.02943451,0.09258435
2022-02-01/2022-03-01,0.029399592,0.09857111
2022-02-01/2022-03-01,0.043116417,0.13547753
2022-02-01/2022-03-01,0.0432702,0.17034179
2022-02-01/2022-03-01,0.03231186,0.12253683
2022-02-01/2022-03-01,0.049633592,0.15989253
2022-02-01/2022-03-01,0.029220756,0.14834613
2022-02-01/2022-03-01,0.03196419,0.076902226
2022-02-01/2022-03-01,0.0326764,0.13584575
2022-02-01/2022-03-01,0.029444478,0.10826935
2022-02-01/2022-03-01,0.037597295,0.11370733
2022-02-01/2022-03-01,0.034059018,0.09549618
2022-02-01/2022-03-01,0.04044514,0.11751103
2022-02-01/2022-03-01,0.029698562,0.09894991
2022-02-01/2022-03-01,0.051368438,0.14068264
2022-02-01/2022-03-01,0.03912411,0.10546894
2022-02-01/2022-03-01,0.03187745,0.11219828
2022-02-01/2022-03-01,0.027637612,0.09547827
2022-02-01/2022-03-01,0.04294037,0.11035895
2022-02-01/2022-03-01,0.029867802,0.1498757
2022-02-01/2022-03-01,0.029403253,0.11927084
2022-02-01/2022-03-01,0.05279675,0.17257372
2022-02-01/2022-03-01,0.029162556,0.07874322
2022-02-01/2022-03-01,0.031418867,0.09922378
2022-02-01/2022-03-01,0.040055025,0.1490171
2022-02-01/2022-03-01,0.03557173,0.12217353
2022-02-01/2022-03-01,0.02789207,0.12253683
2022-02-01/2022-03-01,0.020747345,0.056831826
2022-02-01/2022-03-01,0.04114144,0.15275508
2022-02-01/2022-03-01,0.04076963,0.16632527
2022-02-01/2022-03-01,0.047241703,0.14857677
2022-02-01/2022-03-01,0.03347766,0.12551692
2022-02-01/2022-03-01,0.027523099,0.10361658
2022-02-01/2022-03-01,0.031063749,0.1196018
2022-02-01/2022-03-01,0.029557385,0.1411432
2022-02-01/2022-03-01,0.026287362,0.061209932
2022-02-01/2022-03-01,0.04645341,0.13257335
2022-02-01/2022-03-01,0.03321537,0.13685149
2022-02-01/2022-03-01,0.031754743,0.11723805
2022-02-01/2022-03-01,0.029564649,0.09973681
2022-02-01/2022-03-01,0.026498571,0.0650263
2022-02-01/2022-03-01,0.028055932,0.06661199
2022-02-01/2022-03-01,0.024844805,0.07823667
2022-02-01/2022-03-01,0.05062361,0.10798956
2022-02-01/2022-03-01,0.025941722,0.2704844
2022-02-01/2022-03-01,0.023989921,0.19031504
2022-02-01/2022-03-01,0.044666566,0.23585811
2022-02-01/2022-03-01,0.023810819,0.12033168
2022-02-01/2022-03-01,0.074717596,0.11758711
2022-02-01/2022-03-01,0.06858568,0.25187284
2022-02-01/2022-03-01,0.049822543,0.34166557
2022-02-01/2022-03-01,0.013339906,0.061822902
2022-02-01/2022-03-01,0.009548798,0.090756714
2022-02-01/2022-03-01,0.025834868,0.21622166
2022-02-01/2022-03-01,0.054719895,0.2508471
2022-02-01/2022-03-01,0.03226812,0.250394
2022-02-01/2022-03-01,0.062517636,0.16314054
2022-02-01/2022-03-01,0.0075900764,0.01892335
2022-02-01/2022-03-01,0.020166267,0.14343756
2022-02-01/2022-03-01,0.021721944,0.12739411
2022-02-01/2022-03-01,0.030153811,0.16154064
2022-02-01/2022-03-01,0.021540795,0.19467044
2022-02-01/2022-03-01,0.03517173,0.28291774
2022-02-01/2022-03-01,0.03516347,0.10810736
2022-02-01/2022-03-01,0.015140329,0.098557055
2022-02-01/2022-03-01,0.06917019,0.18002132
2022-02-01/2022-03-01,0.047114603,0.26455748
2022-02-01/2022-03-01,0.026431547,0.08169798
2022-02-01/2022-03-01,0.034776896,0.18314604
2022-02-01/2022-03-01,0.057373095,0.17231214
2022-02-01/2022-03-01,0.048574515,0.23274922
2022-02-01/2022-03-01,0.052573,0.15327936
2022-02-01/2022-03-01,0.008671775,0.032172065
2022-02-01/2022-03-01,0.03499724,0.13648152
2022-02-01/2022-03-01,0.037130147,0.14945999
2022-02-01/2022-03-01,0.02722646,0.23729548
2022-02-01/2022-03-01,0.027500577,0.13886341
2022-02-01/2022-03-01,0.035809606,0.21134996
2022-02-01/2022-03-01,0.0722767,0.2567666
2022-02-01/2022-03-01,0.025732912,0.22391456
2022-02-01/2022-03-01,0.023560662,0.10367807
2022-02-01/2022-03-01,0.0064403927,0.022505552
2022-02-01/2022-03-01,0.039347008,0.11173247
2022-02-01/2022-03-01,0.02036013,0.11447817
2022-02-01/2022-03-01,0.030807622,0.16383782
2022-02-01/2022-03-01,0.05638703,0.17861795
2022-02-01/2022-03-01,0.014338879,0.11023113
2022-02-01/2022-03-01,0.027045628,0.12784222
2022-02-01/2022-03-01,0.041029878,0.16604422
2022-02-01/2022-03-01,0.012258507,0.05181612
2022-02-01/2022-03-01,0.05134301,0.21501526
2022-02-01/2022-03-01,0.053246602,0.15852745
2022-02-01/2022-03-01,0.0487564,0.22727734
2022-02-01/2022-03-01,0.014850048,0.056648422
2022-02-01/2022-03-01,0.028550759,0.13878298
2022-02-01/2022-03-01,0.022434024,0.10856274
2022-02-01/2022-03-01,0.05265785,0.24282601
2022-02-01/2022-03-01,0.07040258,0.22497457
2022-02-01/2022-03-01,0.064066835,0.19087416
2022-02-01/2022-03-01,0.07737483,0.19974306
2022-02-01/2022-03-01,0.038354665,0.24108765
2022-02-01/2022-03-01,0.09095414,0.18084192
2022-02-01/2022-03-01,0.06831924,0.18154879
2022-02-01/2022-03-01,0.043144338,0.22875823
2022-02-01/2022-03-01,0.035805285,0.21119934
2022-02-01/2022-03-01,0.06408121,0.19524264
2022-02-01/2022-03-01,0.010583208,0.11218378
2022-02-01/2022-03-01,0.048994854,0.2178068
2022-02-01/2022-03-01,0.03377095,0.25556314
2022-02-01/2022-03-01,0.008696259,0.02939297
2022-02-01/2022-03-01,0.023178518,0.2409367
2022-02-01/2022-03-01,0.035991166,0.17490926
2022-02-01/2022-03-01,0.035995156,0.21976589
2022-02-01/2022-03-01,0.008314032,0.022445567
2022-02-01/2022-03-01,0.03527601,0.114936
2022-02-01/2022-03-01,0.031409003,0.1250068
2022-02-01/2022-03-01,0.04225666,0.23600477
2022-02-01/2022-03-01,0.01938153,0.12604904
2022-02-01/2022-03-01,0.01083657,0.08867976
2022-02-01/2022-03-01,0.031456597,0.116462275
2022-02-01/2022-03-01,0.009312034,0.026437804
2022-02-01/2022-03-01,0.035761945,0.1244422
2022-02-01/2022-03-01,0.022957526,0.16621782
2022-02-01/2022-03-01,0.07697345,0.33149135
2022-02-01/2022-03-01,0.03565833,0.1800572
2022-02-01/2022-03-01,0.032079145,0.10587501
2022-02-01/2022-03-01,0.04558627,0.23772827
2022-02-01/2022-03-01,0.049458735,0.1926595
2022-02-01/2022-03-01,0.037908122,0.10671206
2022-02-01/2022-03-01,0.037814677,0.19117042
2022-02-01/2022-03-01,0.04186508,0.14003901
2022-02-01/2022-03-01,0.020545267,0.09312457
2022-02-01/2022-03-01,0.041279603,0.19681841
2022-02-01/2022-03-01,0.019392325,0.13119692
2022-02-01/2022-03-01,0.029670391,0.1159399
2022-02-01/2022-03-01,0.041071832,0.23582722
2022-02-01/2022-03-01,0.026732467,0.089588255
2022-02-01/2022-03-01,0.018531473,0.067316264
2022-02-01/2022-03-01,0.036570713,0.21118645
2022-02-01/2022-03-01,0.086504884,0.24766257
2022-02-01/2022-03-01,0.04885284,0.1549521
2022-02-01/2022-03-01,0.046935275,0.20467752
2022-02-01/2022-03-01,0.029916216,0.059729934
2022-02-01/2022-03-01,0.05451201,0.21534193
2022-02-01/2022-03-01,0.009530698,0.05411599
2022-02-01/2022-03-01,0.076539874,0.18684778
2022-02-01/2022-03-01,0.026157018,0.2012125
2022-02-01/2022-03-01,0.041290116,0.12035364
2022-02-01/2022-03-01,0.05728339,0.20381862
2022-02-01/2022-03-01,0.04269851,0.24676166
2022-02-01/2022-03-01,0.069670916,0.34127617
2022-02-01/2022-03-01,0.027961627,0.054203026
2022-02-01/2022-03-01,0.02284128,0.07939172
2022-02-01/2022-03-01,0.051090065,0.22673076
2022-02-01/2022-03-01,0.007994944,0.020748604
2022-02-01/2022-03-01,0.009253027,0.048607446
2022-02-01/2022-03-01,0.012091188,0.045231074
2022-02-01/2022-03-01,0.03602206,0.25481427
2022-02-01/2022-03-01,0.060341775,0.17333508
2022-02-01/2022-03-01,0.028475244,0.09688052
2022-02-01/2022-03-01,0.04989346,0.20587616
2022-02-01/2022-03-01,0.015842706,0.07124456
2022-02-01/2022-03-01,0.049559698,0.15730074
2022-02-01/2022-03-01,0.022732627,0.20697284
2022-02-01/2022-03-01,0.024735283,0.14906201
2022-02-01/2022-03-01,0.041933097,0.28499776
2022-02-01/2022-03-01,0.06207803,0.28734517
2022-02-01/2022-03-01,0.059248693,0.11668244
2022-02-01/2022-03-01,0.029434357,0.18224855
2022-02-01/2022-03-01,0.045357797,0.14900765
2022-02-01/2022-03-01,0.04346133,0.21259025
2022-02-01/2022-03-01,0.019758046,0.098695815
2022-02-01/2022-03-01,0.04670037,0.18575889
2022-02-01/2022-03-01,0.03581094,0.22248378
2022-02-01/2022-03-01,0.041320093,0.23104328
2022-02-01/2022-03-01,0.030780818,0.26352894
2022-02-01/2022-03-01,0.034438044,0.085191615
2022-02-01/2022-03-01,0.013047068,0.05584628
2022-02-01/2022-03-01,0.026483033,0.07321192
2022-02-01/2022-03-01,0.025932934,0.08489323
2022-02-01/2022-03-01,0.01714682,0.15037386
2022-02-01/2022-03-01,0.058305126,0.19486968
2022-02-01/2022-03-01,0.035635114,0.14545046
2022-02-01/2022-03-01,0.014321141,0.09958339
2022-02-01/2022-03-01,0.04582037,0.2228159
2022-02-01/2022-03-01,0.034487206,0.34441578
2022-02-01/2022-03-01,0.04960864,0.14485005
2022-02-01/2022-03-01,0.03468884,0.13583127
2022-02-01/2022-03-01,0.04238888,0.22225574
2022-02-01/2022-03-01,0.021658115,0.1367236
2022-02-01/2022-03-01,0.03600532,0.12978953
2022-02-01/2022-03-01,0.07676207,0.25988433
2022-02-01/2022-03-01,0.008874524,0.07087214
2022-02-01/2022-03-01,0.044958185,0.22567743
2022-02-01/2022-03-01,0.0655476,0.24070758
2022-02-01/2022-03-01,0.063273795,0.21567541
2022-02-01/2022-03-01,0.05474104,0.17412442
2022-02-01/2022-03-01,0.04676272,0.15763119
2022-02-01/2022-03-01,0.047291398,0.15382576
2022-02-01/2022-03-01,0.04968355,0.20163366
2022-02-01/2022-03-01,0.044198796,0.17511694
2022-02-01/2022-03-01,0.050467923,0.16536266
2022-02-01/2022-03-01,0.056249462,0.20282787
2022-02-01/2022-03-01,0.06924984,0.25157186
2022-02-01/2022-03-01,0.06761667,0.26768887
2022-02-01/2022-03-01,0.06394513,0.2783313
2022-02-01/2022-03-01,0.05304669,0.19344164
2022-02-01/2022-03-01,0.037323155,0.1556779
2022-02-01/2022-03-01,0.050447673,0.18176934
2022-02-01/2022-03-01,0.05912847,0.15992397
2022-02-01/2022-03-01,0.03475696,0.12358912
2022-02-01/2022-03-01,0.02896376,0.10273515
2022-02-01/2022-03-01,0.045339152,0.12745479
2022-02-01/2022-03-01,0.034042183,0.13108796
2022-02-01/2022-03-01,0.031970903,0.12764806
2022-02-01/2022-03-01,0.04121354,0.1476765
2022-02-01/2022-03-01,0.03778754,0.1738354
2022-02-01/2022-03-01,0.059534714,0.2368998
2022-02-01/2022-03-01,0.060573913,0.25489557
2022-02-01/2022-03-01,0.060284443,0.2335226
2022-02-01/2022-03-01,0.048665598,0.2107167
2022-02-01/2022-03-01,0.0440941,0.18225288
2022-02-01/2022-03-01,0.054673202,0.18533275
2022-02-01/2022-03-01,0.062817276,0.18629134
2022-02-01/2022-03-01,0.057516173,0.18629134
2022-02-01/2022-03-01,0.05511248,0.23551413
2022-02-01/2022-03-01,0.056097433,0.3118659
2022-02-01/2022-03-01,0.06343934,0.29383588
2022-02-01/2022-03-01,0.06789881,0.28437015
2022-02-01/2022-03-01,0.07354124,0.26842016
2022-02-01/2022-03-01,0.06724502,0.25536007
2022-02-01/2022-03-01,0.05963493,0.20559801
2022-02-01/2022-03-01,0.041965738,0.14728262
2022-02-01/2022-03-01,0.04027247,0.12902714
2022-02-01/2022-03-01,0.045070942,0.122420855
2022-02-01/2022-03-01,0.05149772,0.13940746
2022-02-01/2022-03-01,0.054251302,0.1622721
2022-02-01/2022-03-01,0.054251302,0.18524332
2022-02-01/2022-03-01,0.05333286,0.18393916
2022-02-01/2022-03-01,0.04753759,0.1751677
2022-02-01/2022-03-01,0.045948967,0.21095213
2022-02-01/2022-03-01,0.038801312,0.18458164
2022-02-01/2022-03-01,0.034458548,0.1447218
2022-02-01/2022-03-01,0.040428694,0.15812531
2022-02-01/2022-03-01,0.05346167,0.18171895
2022-02-01/2022-03-01,0.062856436,0.16950572
2022-02-01/2022-03-01,0.0679812,0.16139495
2022-02-01/2022-03-01,0.064149395,0.17901927
2022-02-01/2022-03-01,0.056673624,0.2107194
2022-02-01/2022-03-01,0.055772886,0.17790443
2022-02-01/2022-03-01,0.04936719,0.17168683
2022-02-01/2022-03-01,0.05258158,0.1926293
2022-02-01/2022-03-01,0.066970095,0.2085492
2022-02-01/2022-03-01,0.07812987,0.28491288
2022-02-01/2022-03-01,0.057347596,0.20205648
2022-02-01/2022-03-01,0.04956454,0.24948072
2022-02-01/2022-03-01,0.059227165,0.32908827
2022-02-01/2022-03-01,0.09564636,0.3612481
2022-02-01/2022-03-01,0.11912394,0.41188958
2022-02-01/2022-03-01,0.087868474,0.39773345
2022-02-01/2022-03-01,0.0770583,0.34875405
2022-02-01/2022-03-01,0.05843965,0.24714257
2022-02-01/2022-03-01,0.057647526,0.24701035
2022-02-01/2022-03-01,0.05641605,0.20577225
2022-02-01/2022-03-01,0.05278507,0.17733088
2022-02-01/2022-03-01,0.07806128,0.20016752
2022-02-01/2022-03-01,0.07915644,0.21699333
2022-02-01/2022-03-01,0.052073654,0.15655148
2022-02-01/2022-03-01,0.04262235,0.14463978
2022-02-01/2022-03-01,0.04005239,0.15951243
2022-02-01/2022-03-01,0.04527763,0.18728483
2022-02-01/2022-03-01,0.05609309,0.21871416
2022-02-01/2022-03-01,0.056651235,0.2697248
2022-02-01/2022-03-01,0.051625762,0.2717312
2022-02-01/2022-03-01,0.041900463,0.17830119
2022-02-01/2022-03-01,0.03820446,0.12135325
2022-02-01/2022-03-01,0.056915388,0.13030335
2022-02-01/2022-03-01,0.037599392,0.17306124
2022-02-01/2022-03-01,0.034118626,0.1613747
2022-02-01/2022-03-01,0.05958824,0.18042105
2022-02-01/2022-03-01,0.06353514,0.19836527
2022-02-01/2022-03-01,0.0511204,0.2146081
2022-02-01/2022-03-01,0.052493177,0.19227326
2022-02-01/2022-03-01,0.048945397,0.13957757
2022-02-01/2022-03-01,0.040808186,0.14345817
2022-02-01/2022-03-01,0.0504976,0.19127017
2022-02-01/2022-03-01,0.06913173,0.21493696
2022-02-01/2022-03-01,0.061759207,0.1834941
2022-02-01/2022-03-01,0.06087499,0.17444867
2022-02-01/2022-03-01,0.06968328,0.22957432
2022-02-01/2022-03-01,0.052176528,0.21764207
2022-02-01/2022-03-01,0.04662238,0.20019224
2022-02-01/2022-03-01,0.051051833,0.18082938
2022-02-01/2022-03-01,0.04021409,0.16617972
2022-02-01/2022-03-01,0.0066045965,0.017696217
2022-02-01/2022-03-01,0.006630134,0.017264066
2022-02-01/2022-03-01,0.0076364437,0.021238491
2022-02-01/2022-03-01,0.0064272676,0.01600011
2022-02-01/2022-03-01,0.0077167293,0.024032611
2022-02-01/2022-03-01,0.008477379,0.04400213
2022-02-01/2022-03-01,0.00575623,0.020467691
2022-02-01/2022-03-01,0.007447744,0.025697775
2022-02-01/2022-03-01,0.012641636,0.06099588
2022-02-01/2022-03-01,0.0071319873,0.03547907
2022-02-01/2022-03-01,0.005835199,0.0183353
2022-02-01/2022-03-01,0.007397644,0.01994879
2022-02-01/2022-03-01,0.007686121,0.026892062
2022-02-01/2022-03-01,0.0063975723,0.022041975
2022-02-01/2022-03-01,0.006023718,0.018569224
2022-02-01/2022-03-01,0.0054340856,0.015197852
2022-02-01/2022-03-01,0.005927858,0.017433729
2022-02-01/2022-03-01,0.005180438,0.018099073
2022-02-01/2022-03-01,0.004830016,0.016944613
2022-02-01/2022-03-01,0.0056386394,0.017156227
2022-02-01/2022-03-01,0.0059455335,0.020479603
2022-02-01/2022-03-01,0.005219347,0.017547626
2022-02-01/2022-03-01,0.0054258453,0.019311402
2022-02-01/2022-03-01,0.0048159696,0.016717121
2022-02-01/2022-03-01,0.005009575,0.0161096
2022-02-01/2022-03-01,0.005530695,0.017791687
2022-02-01/2022-03-01,0.005530695,0.019863129
2022-02-01/2022-03-01,0.005886237,0.019563183
2022-02-01/2022-03-01,0.006658544,0.020037375
2022-02-01/2022-03-01,0.00463282,0.017422058
2022-02-01/2022-03-01,0.004579004,0.017630633
2022-02-01/2022-03-01,0.005000218,0.016635038
2022-02-01/2022-03-01,0.005658522,0.017209696
2022-02-01/2022-03-01,0.005273293,0.01541836
2022-02-01/2022-03-01,0.005530695,0.013198005
2022-02-01/2022-03-01,0.0056084334,0.015722588
2022-02-01/2022-03-01,0.0056084334,0.021306045
2022-02-01/2022-03-01,0.0059936913,0.018552108
2022-02-01/2022-03-01,0.0042984635,0.017082848
2022-02-01/2022-03-01,0.004917194,0.015232477
2022-02-01/2022-03-01,0.0055683963,0.01749136
2022-02-01/2022-03-01,0.0058215363,0.020231811
2022-02-01/2022-03-01,0.0055642137,0.016628433
2022-02-01/2022-03-01,0.0057136705,0.013460439
2022-02-01/2022-03-01,0.0051255133,0.0132223535
2022-02-01/2022-03-01,0.005090479,0.015706193
2022-02-01/2022-03-01,0.005871108,0.016683351
2022-02-01/2022-03-01,0.004596413,0.01617423
2022-02-01/2022-03-01,0.0045987274,0.01702777
2022-02-01/2022-03-01,0.0045200987,0.014765815
2022-02-01/2022-03-01,0.062283814,0.29335338
2022-02-01/2022-03-01,0.056431398,0.333829
2022-02-01/2022-03-01,0.071297765,0.3233694
2022-02-01/2022-03-01,0.0674296,0.34095123
2022-02-01/2022-03-01,0.059131153,0.26895535
2022-02-01/2022-03-01,0.05977001,0.2358517
2022-02-01/2022-03-01,0.06451245,0.28253925
2022-02-01/2022-03-01,0.055470146,0.24417207
2022-02-01/2022-03-01,0.056724858,0.22943905
2022-02-01/2022-03-01,0.06914092,0.23659033
2022-02-01/2022-03-01,0.06401692,0.23627642
2022-02-01/2022-03-01,0.058350243,0.26393375
2022-02-01/2022-03-01,0.052950088,0.21624511
2022-02-01/2022-03-01,0.045404468,0.20278805
2022-02-01/2022-03-01,0.04888157,0.24311137
2022-02-01/2022-03-01,0.061758973,0.22728568
2022-02-01/2022-03-01,0.0664796,0.20152879
2022-02-01/2022-03-01,0.070424676,0.21303478
2022-02-01/2022-03-01,0.06914067,0.2763592
2022-02-01/2022-03-01,0.06702635,0.29822034
2022-02-01/2022-03-01,0.06220513,0.2505063
2022-02-01/2022-03-01,0.055490755,0.24622822
2022-02-01/2022-03-01,0.05899852,0.25206497
2022-02-01/2022-03-01,0.06566316,0.27116385
2022-02-01/2022-03-01,0.06717032,0.28620797
2022-02-01/2022-03-01,0.06680019,0.25476933
2022-02-01/2022-03-01,0.054419473,0.2399121
2022-02-01/2022-03-01,0.055531092,0.21420431
2022-02-01/2022-03-01,0.060478494,0.26875037
2022-02-01/2022-03-01,0.06472066,0.24747346
2022-02-01/2022-03-01,0.06703541,0.27481008
2022-02-01/2022-03-01,0.0712451,0.26636142
2022-02-01/2022-03-01,0.06607433,0.25299865
2022-02-01/2022-03-01,0.064778075,0.29905206
2022-02-01/2022-03-01,0.06534884,0.31293887
2022-02-01/2022-03-01,0.072229505,0.28826308
2022-02-01/2022-03-01,0.069193356,0.29317158
2022-02-01/2022-03-01,0.06843167,0.30488884
2022-02-01/2022-03-01,0.06649676,0.31189778
2022-02-01/2022-03-01,0.06659794,0.3149122
2022-02-01/2022-03-01,0.055510074,0.24119122
2022-02-01/2022-03-01,0.048805725,0.24522835
2022-02-01/2022-03-01,0.05377567,0.2550071
2022-02-01/2022-03-01,0.05959364,0.2800408
2022-02-01/2022-03-01,0.06546882,0.271963
2022-02-01/2022-03-01,0.073526345,0.26706105
2022-02-01/2022-03-01,0.055232257,0.30466443
2022-02-01/2022-03-01,0.059238255,0.31809878
2022-02-01/2022-03-01,0.076926894,0.33659953
2022-02-01/2022-03-01,0.07362826,0.3720286
2022-02-01/2022-03-01,0.0053882375,0.022580426
2022-02-01/2022-03-01,0.005328497,0.028526228
2022-02-01/2022-03-01,0.005563167,0.025772382
2022-02-01/2022-03-01,0.0052706543,0.02572652
2022-02-01/2022-03-01,0.005067595,0.020663299
2022-02-01/2022-03-01,0.005046361,0.018644277
2022-02-01/2022-03-01,0.0054251663,0.02173518
2022-02-01/2022-03-01,0.0055296076,0.019876208
2022-02-01/2022-03-01,0.0057055727,0.026572337
2022-02-01/2022-03-01,0.0048162853,0.020507257
2022-02-01/2022-03-01,0.00548754,0.016732436
2022-02-01/2022-03-01,0.005897986,0.018588778
2022-02-01/2022-03-01,0.0053787488,0.01892414
2022-02-01/2022-03-01,0.0047608195,0.017440908
2022-02-01/2022-03-01,0.0046115154,0.022524012
2022-02-01/2022-03-01,0.004598193,0.022557098
2022-02-01/2022-03-01,0.0045000273,0.018914176
2022-02-01/2022-03-01,0.004891412,0.015079508
2022-02-01/2022-03-01,0.0050215786,0.013877954
2022-02-01/2022-03-01,0.0050678356,0.016169023
2022-02-01/2022-03-01,0.004565712,0.016755117
2022-02-01/2022-03-01,0.004613856,0.018836252
2022-02-01/2022-03-01,0.0047558555,0.018925231
2022-02-01/2022-03-01,0.0047823293,0.017912209
2022-02-01/2022-03-01,0.0050491826,0.015532205
2022-02-01/2022-03-01,0.004873257,0.012891855
2022-02-01/2022-03-01,0.004775336,0.014502997
2022-02-01/2022-03-01,0.0053328895,0.02185448
2022-02-01/2022-03-01,0.0048509436,0.01611754
2022-02-01/2022-03-01,0.005650103,0.01705048
2022-02-01/2022-03-01,0.005725206,0.019190418
2022-02-01/2022-03-01,0.0053447173,0.021957584
2022-02-01/2022-03-01,0.0061088074,0.017760057
2022-02-01/2022-03-01,0.0059342515,0.017534696
2022-02-01/2022-03-01,0.004643253,0.016483253
2022-02-01/2022-03-01,0.0044379467,0.016290078
2022-02-01/2022-03-01,0.004416212,0.019602094
2022-02-01/2022-03-01,0.0053646015,0.020942427
2022-02-01/2022-03-01,0.0064244345,0.021667881
2022-02-01/2022-03-01,0.0049688146,0.018919177
2022-02-01/2022-03-01,0.005753373,0.01733904
2022-02-01/2022-03-01,0.005340871,0.019099627
2022-02-01/2022-03-01,0.00499818,0.021383025
2022-02-01/2022-03-01,0.005353706,0.02098225
2022-02-01/2022-03-01,0.0048731575,0.01719792
2022-02-01/2022-03-01,0.0043669436,0.01571859
2022-02-01/2022-03-01,0.004121729,0.018315278
2022-02-01/2022-03-01,0.004533955,0.019461978
2022-02-01/2022-03-01,0.005345013,0.018965784
2022-02-01/2022-03-01,0.0055191815,0.018535111
2022-02-01/2022-03-01,0.05988982,0.19604126
2022-02-01/2022-03-01,0.06502618,0.2018993
2022-02-01/2022-03-01,0.05981689,0.19354476
2022-02-01/2022-03-01,0.054511935,0.2221583
2022-02-01/2022-03-01,0.054331757,0.23915555
2022-02-01/2022-03-01,0.056307927,0.2279152
2022-02-01/2022-03-01,0.053442113,0.18017803
2022-02-01/2022-03-01,0.048617765,0.16438937
2022-02-01/2022-03-01,0.055343993,0.19346511
2022-02-01/2022-03-01,0.05587763,0.23166698
2022-02-01/2022-03-01,0.05425881,0.20863615
2022-02-01/2022-03-01,0.04535088,0.24117422
2022-02-01/2022-03-01,0.053282626,0.2187945
2022-02-01/2022-03-01,0.053982407,0.20008288
2022-02-01/2022-03-01,0.04024286,0.15735592
2022-02-01/2022-03-01,0.04208845,0.15275335
2022-02-01/2022-03-01,0.065547645,0.1829876
2022-02-01/2022-03-01,0.055133622,0.19591485
2022-02-01/2022-03-01,0.04488891,0.20094624
2022-02-01/2022-03-01,0.05578929,0.21285892
2022-02-01/2022-03-01,0.06191601,0.26448798
2022-02-01/2022-03-01,0.060774397,0.2587868
2022-02-01/2022-03-01,0.054589003,0.2667091
2022-02-01/2022-03-01,0.055285558,0.22310886
2022-02-01/2022-03-01,0.047924876,0.17908779
2022-02-01/2022-03-01,0.049258348,0.19919452
2022-02-01/2022-03-01,0.052297927,0.23970965
2022-02-01/2022-03-01,0.05474195,0.2336101
2022-02-01/2022-03-01,0.05186279,0.2168296
2022-02-01/2022-03-01,0.0476705,0.22604081
2022-02-01/2022-03-01,0.05069603,0.25046653
2022-02-01/2022-03-01,0.058407113,0.20298553
2022-02-01/2022-03-01,0.06509067,0.2828732
2022-02-01/2022-03-01,0.067614704,0.27969146
2022-02-01/2022-03-01,0.06445086,0.27969146
2022-02-01/2022-03-01,0.047507886,0.28008276
2022-02-01/2022-03-01,0.050330278,0.23247729
2022-02-01/2022-03-01,0.05748809,0.21277812
2022-02-01/2022-03-01,0.05897365,0.22132325
2022-02-01/2022-03-01,0.062042512,0.26124927
2022-02-01/2022-03-01,0.049148418,0.23570865
2022-02-01/2022-03-01,0.044220053,0.22856078
2022-02-01/2022-03-01,0.04315234,0.240015
2022-02-01/2022-03-01,0.04270713,0.23204565
2022-02-01/2022-03-01,0.04868277,0.22889605
2022-02-01/2022-03-01,0.054737683,0.22431934
2022-02-01/2022-03-01,0.056052968,0.23414445
2022-02-01/2022-03-01,0.062338192,0.2263153
2022-02-01/2022-03-01,0.057708964,0.25033462
2022-02-01/2022-03-01,0.049323924,0.24845625
2022-03-01/2022-04-01,0.031182954,0.08020495
2022-03-01/2022-04-01,0.040628023,0.23989774
2022-03-01/2022-04-01,0.046393514,0.09964825
2022-03-01/2022-04-01,0.023240495,0.06380994
2022-03-01/2022-04-01,0.08132027,0.2783637
2022-03-01/2022-04-01,0.05650889,0.17922185
2022-03-01/2022-04-01,0.026545927,0.045163225
2022-03-01/2022-04-01,0.03401114,0.0756379
2022-03-01/2022-04-01,0.033187326,0.062003553
2022-03-01/2022-04-01,0.031690344,0.04886244
2022-03-01/2022-04-01,0.028070457,0.05519849
2022-03-01/2022-04-01,0.069586806,0.1668849
2022-03-01/2022-04-01,0.030756,0.119255275
2022-03-01/2022-04-01,0.049163103,0.19190836
2022-03-01/2022-04-01,0.042366065,0.11460618
2022-03-01/2022-04-01,0.043827094,0.17471856
2022-03-01/2022-04-01,0.06252266,0.2732096
2022-03-01/2022-04-01,0.030173665,0.053042233
2022-03-01/2022-04-01,0.0709724,0.18583423
2022-03-01/2022-04-01,0.035300136,0.1880973
2022-03-01/2022-04-01,0.049895678,0.20133187
2022-03-01/2022-04-01,0.06736253,0.19635755
2022-03-01/2022-04-01,0.04285887,0.2324292
2022-03-01/2022-04-01,0.053394243,0.24643925
2022-03-01/2022-04-01,0.038128346,0.13490221
2022-03-01/2022-04-01,0.019677639,0.046265617
2022-03-01/2022-04-01,0.020704523,0.11787376
2022-03-01/2022-04-01,0.026988745,0.053966105
2022-03-01/2022-04-01,0.034977242,0.104842834
2022-03-01/2022-04-01,0.033146694,0.13396859
2022-03-01/2022-04-01,0.03472308,0.07045082
2022-03-01/2022-04-01,0.028696513,0.05538844
2022-03-01/2022-04-01,0.030071147,0.050964437
2022-03-01/2022-04-01,0.026628565,0.046613872
2022-03-01/2022-04-01,0.021927621,0.106630236
2022-03-01/2022-04-01,0.054524463,0.19762567
2022-03-01/2022-04-01,0.039566346,0.123420805
2022-03-01/2022-04-01,0.07388009,0.2642359
2022-03-01/2022-04-01,0.030476142,0.070877895
2022-03-01/2022-04-01,0.055564914,0.21468547
2022-03-01/2022-04-01,0.036213174,0.19123939
2022-03-01/2022-04-01,0.08497535,0.15185109
2022-03-01/2022-04-01,0.04422506,0.09086183
2022-03-01/2022-04-01,0.050160408,0.23792881
2022-03-01/2022-04-01,0.048714798,0.22620028
2022-03-01/2022-04-01,0.047423974,0.0954656
2022-03-01/2022-04-01,0.06877288,0.19816977
2022-03-01/2022-04-01,0.0470941,0.19439733
2022-03-01/2022-04-01,0.0448689,0.08660615
2022-03-01/2022-04-01,0.055027872,0.20399642
2022-03-01/2022-04-01,0.028126737,0.06466134
2022-03-01/2022-04-01,0.03781159,0.08842754
2022-03-01/2022-04-01,0.06551239,0.20132908
2022-03-01/2022-04-01,0.06085017,0.21711352
2022-03-01/2022-04-01,0.03821004,0.31346655
2022-03-01/2022-04-01,0.03358206,0.15652898
2022-03-01/2022-04-01,0.028793214,0.050795674
2022-03-01/2022-04-01,0.028332174,0.07596736
2022-03-01/2022-04-01,0.033827633,0.08747749
2022-03-01/2022-04-01,0.061682813,0.19651777
2022-03-01/2022-04-01,0.059936397,0.14463738
2022-03-01/2022-04-01,0.0998009,0.19174634
2022-03-01/2022-04-01,0.037504554,0.11000547
2022-03-01/2022-04-01,0.045897275,0.20860338
2022-03-01/2022-04-01,0.037683845,0.070222765
2022-03-01/2022-04-01,0.045214362,0.07268928
2022-03-01/2022-04-01,0.040091436,0.07658528
2022-03-01/2022-04-01,0.07173785,0.20321018
2022-03-01/2022-04-01,0.037307967,0.08097001
2022-03-01/2022-04-01,0.04832358,0.09853408
2022-03-01/2022-04-01,0.042041674,0.146423
2022-03-01/2022-04-01,0.032945327,0.08006427
2022-03-01/2022-04-01,0.044736937,0.20105305
2022-03-01/2022-04-01,0.045179702,0.17348212
2022-03-01/2022-04-01,0.048773102,0.1380313
2022-03-01/2022-04-01,0.04901417,0.1769052
2022-03-01/2022-04-01,0.022079505,0.043656535
2022-03-01/2022-04-01,0.03285364,0.07007204
2022-03-01/2022-04-01,0.049592845,0.056168478
2022-03-01/2022-04-01,0.03980884,0.2591179
2022-03-01/2022-04-01,0.046781875,0.08137702
2022-03-01/2022-04-01,0.0681542,0.16820209
2022-03-01/2022-04-01,0.038640477,0.060534053
2022-03-01/2022-04-01,0.050028495,0.29608613
2022-03-01/2022-04-01,0.041976128,0.12842625
2022-03-01/2022-04-01,0.02780294,0.054329865
2022-03-01/2022-04-01,0.02882202,0.22490191
2022-03-01/2022-04-01,0.046385933,0.2069361
2022-03-01/2022-04-01,0.045531705,0.1040826
2022-03-01/2022-04-01,0.03616949,0.083158955
2022-03-01/2022-04-01,0.051018327,0.094217464
2022-03-01/2022-04-01,0.036900636,0.07042797
2022-03-01/2022-04-01,0.062205818,0.14342275
2022-03-01/2022-04-01,0.029835518,0.062954545
2022-03-01/2022-04-01,0.03915012,0.055641055
2022-03-01/2022-04-01,0.03031502,0.057623878
2022-03-01/2022-04-01,0.035448883,0.2073482
2022-03-01/2022-04-01,0.032761358,0.07364206
2022-03-01/2022-04-01,0.02322401,0.06466702
2022-03-01/2022-04-01,0.07309239,0.1647176
2022-03-01/2022-04-01,0.050785698,0.17977285
2022-03-01/2022-04-01,0.057731148,0.13181156
2022-03-01/2022-04-01,0.0654603,0.13433681
2022-03-01/2022-04-01,0.04346399,0.17515323
2022-03-01/2022-04-01,0.0446328,0.2937559
2022-03-01/2022-04-01,0.032832406,0.050509892
2022-03-01/2022-04-01,0.027735954,0.05125945
2022-03-01/2022-04-01,0.042133912,0.17751335
2022-03-01/2022-04-01,0.05115822,0.12661377
2022-03-01/2022-04-01,0.025982313,0.041859232
2022-03-01/2022-04-01,0.03431563,0.2040375
2022-03-01/2022-04-01,0.03103519,0.059393674
2022-03-01/2022-04-01,0.035711065,0.13103223
2022-03-01/2022-04-01,0.0323751,0.07802093
2022-03-01/2022-04-01,0.05012487,0.07149656
2022-03-01/2022-04-01,0.03973684,0.22196859
2022-03-01/2022-04-01,0.032999527,0.059506778
2022-03-01/2022-04-01,0.028471112,0.07751504
2022-03-01/2022-04-01,0.050936967,0.0783519
2022-03-01/2022-04-01,0.036676597,0.10736385
2022-03-01/2022-04-01,0.024942782,0.08862783
2022-03-01/2022-04-01,0.04438868,0.18465374
2022-03-01/2022-04-01,0.05956512,0.18471816
2022-03-01/2022-04-01,0.042575262,0.07687789
2022-03-01/2022-04-01,0.055421926,0.11472161
2022-03-01/2022-04-01,0.050359845,0.20012046
2022-03-01/2022-04-01,0.02865737,0.15788841
2022-03-01/2022-04-01,0.04875885,0.21361412
2022-03-01/2022-04-01,0.047296833,0.073791295
2022-03-01/2022-04-01,0.05470006,0.14983082
2022-03-01/2022-04-01,0.07711035,0.20074132
2022-03-01/2022-04-01,0.063590154,0.26381597
2022-03-01/2022-04-01,0.026565805,0.1917294
2022-03-01/2022-04-01,0.025126781,0.047820613
2022-03-01/2022-04-01,0.03751201,0.09791054
2022-03-01/2022-04-01,0.051871635,0.21881136
2022-03-01/2022-04-01,0.02787231,0.07894323
2022-03-01/2022-04-01,0.041516688,0.1017199
2022-03-01/2022-04-01,0.042839423,0.22084951
2022-03-01/2022-04-01,0.02695562,0.22996157
2022-03-01/2022-04-01,0.073381595,0.13592103
2022-03-01/2022-04-01,0.03266807,0.05807475
2022-03-01/2022-04-01,0.039429188,0.0868993
2022-03-01/2022-04-01,0.032265816,0.077470616
2022-03-01/2022-04-01,0.094494775,0.14972226
2022-03-01/2022-04-01,0.02560294,0.04862526
2022-03-01/2022-04-01,0.055737726,0.16605908
2022-03-01/2022-04-01,0.03272607,0.05485875
2022-03-01/2022-04-01,0.042201214,0.08586024
2022-03-01/2022-04-01,0.052563682,0.10951392
2022-03-01/2022-04-01,0.005526851,0.1372893
2022-03-01/2022-04-01,0.014325401,0.22723472
2022-03-01/2022-04-01,0.007901556,0.17092976
2022-03-01/2022-04-01,0.013759606,0.2542758
2022-03-01/2022-04-01,0.0053172205,0.098541066
2022-03-01/2022-04-01,0.012131288,0.16709894
2022-03-01/2022-04-01,0.043921664,0.30758053
2022-03-01/2022-04-01,0.004621558,0.10321911
2022-03-01/2022-04-01,0.0060998425,0.13919437
2022-03-01/2022-04-01,0.0057184203,0.12439486
2022-03-01/2022-04-01,0.006960218,0.13725773
2022-03-01/2022-04-01,0.006128997,0.1678429
2022-03-01/2022-04-01,0.005838789,0.072654784
2022-03-01/2022-04-01,0.0230426,0.3259423
2022-03-01/2022-04-01,0.006028503,0.15917082
2022-03-01/2022-04-01,0.006524925,0.16249219
2022-03-01/2022-04-01,0.009691948,0.14095357
2022-03-01/2022-04-01,0.006872141,0.15481849
2022-03-01/2022-04-01,0.008647857,0.1912655
2022-03-01/2022-04-01,0.022362424,0.07137281
2022-03-01/2022-04-01,0.009034257,0.15167706
2022-03-01/2022-04-01,0.005884204,0.06060615
2022-03-01/2022-04-01,0.00623153,0.18752718
2022-03-01/2022-04-01,0.0045216847,0.030444883
2022-03-01/2022-04-01,0.04394958,0.23112974
2022-03-01/2022-04-01,0.007357952,0.12458652
2022-03-01/2022-04-01,0.0048352266,0.06860988
2022-03-01/2022-04-01,0.012170887,0.06837615
2022-03-01/2022-04-01,0.016054891,0.3228461
2022-03-01/2022-04-01,0.007023451,0.21037874
2022-03-01/2022-04-01,0.0038771273,0.031122154
2022-03-01/2022-04-01,0.005263715,0.06392568
2022-03-01/2022-04-01,0.011548972,0.16089122
2022-03-01/2022-04-01,0.0055540153,0.09481816
2022-03-01/2022-04-01,0.010236321,0.23627308
2022-03-01/2022-04-01,0.0066204816,0.1675652
2022-03-01/2022-04-01,0.008382293,0.10536888
2022-03-01/2022-04-01,0.012777412,0.17729902
2022-03-01/2022-04-01,0.007946281,0.18093452
2022-03-01/2022-04-01,0.00839613,0.16826731
2022-03-01/2022-04-01,0.005039166,0.06880726
2022-03-01/2022-04-01,0.0050324965,0.055072404
2022-03-01/2022-04-01,0.014926333,0.2563675
2022-03-01/2022-04-01,0.0046128985,0.07193214
2022-03-01/2022-04-01,0.0066624205,0.11410091
2022-03-01/2022-04-01,0.008463543,0.073300615
2022-03-01/2022-04-01,0.0048430376,0.107310444
2022-03-01/2022-04-01,0.01541991,0.21306142
2022-03-01/2022-04-01,0.007027314,0.14837798
2022-03-01/2022-04-01,0.010535214,0.11711182
2022-03-01/2022-04-01,0.0156088825,0.20703745
2022-03-01/2022-04-01,0.016020523,0.264719
2022-03-01/2022-04-01,0.0057545584,0.08601419
2022-03-01/2022-04-01,0.0055539226,0.1016742
2022-03-01/2022-04-01,0.0045849355,0.03183563
2022-03-01/2022-04-01,0.0051767435,0.10150744
2022-03-01/2022-04-01,0.0045277197,0.045519605
2022-03-01/2022-04-01,0.0051704356,0.04403746
2022-03-01/2022-04-01,0.0038643274,0.042459656
2022-03-01/2022-04-01,0.028944727,0.21837518
2022-03-01/2022-04-01,0.0043447968,0.05413992
2022-03-01/2022-04-01,0.0073653543,0.048770964
2022-03-01/2022-04-01,0.0062480047,0.073770985
2022-03-01/2022-04-01,0.01585485,0.1843929
2022-03-01/2022-04-01,0.009241652,0.18078858
2022-03-01/2022-04-01,0.011206302,0.31557634
2022-03-01/2022-04-01,0.0072898017,0.13307394
2022-03-01/2022-04-01,0.0199099,0.27925777
2022-03-01/2022-04-01,0.011067035,0.21696433
2022-03-01/2022-04-01,0.0073215757,0.13481848
2022-03-01/2022-04-01,0.009230359,0.12515454
2022-03-01/2022-04-01,0.0100027565,0.1787748
2022-03-01/2022-04-01,0.006126642,0.081750855
2022-03-01/2022-04-01,0.01649398,0.19263002
2022-03-01/2022-04-01,0.0117827,0.21635173
2022-03-01/2022-04-01,0.008216563,0.03926037
2022-03-01/2022-04-01,0.0061911684,0.11713171
2022-03-01/2022-04-01,0.011654953,0.17792383
2022-03-01/2022-04-01,0.00840539,0.12894034
2022-03-01/2022-04-01,0.0047981543,0.10881074
2022-03-01/2022-04-01,0.0052872077,0.058664113
2022-03-01/2022-04-01,0.008656611,0.049463052
2022-03-01/2022-04-01,0.0047592567,0.10513683
2022-03-01/2022-04-01,0.0049668923,0.06762886
2022-03-01/2022-04-01,0.02295133,0.1066892
2022-03-01/2022-04-01,0.012359579,0.12188394
2022-03-01/2022-04-01,0.0061229,0.10599594
2022-03-01/2022-04-01,0.020247463,0.19618165
2022-03-01/2022-04-01,0.016264994,0.3273146
2022-03-01/2022-04-01,0.007308008,0.13968202
2022-03-01/2022-04-01,0.005911015,0.042616606
2022-03-01/2022-04-01,0.004657571,0.07570767
2022-03-01/2022-04-01,0.0040150806,0.027688392
2022-03-01/2022-04-01,0.008988799,0.083516315
2022-03-01/2022-04-01,0.009069178,0.1562293
2022-03-01/2022-04-01,0.0056009036,0.12095074
2022-03-01/2022-04-01,0.0065825656,0.083933055
2022-03-01/2022-04-01,0.0054612784,0.06739625
2022-03-01/2022-04-01,0.005922547,0.053131122
2022-03-01/2022-04-01,0.0071804225,0.040377777
2022-03-01/2022-04-01,0.005724249,0.08624189
2022-03-01/2022-04-01,0.0045979186,0.039991006
2022-03-01/2022-04-01,0.014644138,0.25245
2022-03-01/2022-04-01,0.009077966,0.16530244
2022-03-01/2022-04-01,0.0057964586,0.03793279
2022-03-01/2022-04-01,0.0057084085,0.09913555
2022-03-01/2022-04-01,0.0046362635,0.07956475
2022-03-01/2022-04-01,0.0046190876,0.031148348
2022-03-01/2022-04-01,0.00828097,0.14097726
2022-03-01/2022-04-01,0.005833743,0.10059428
2022-03-01/2022-04-01,0.015147625,0.14292675
2022-03-01/2022-04-01,0.0053767106,0.08888748
2022-03-01/2022-04-01,0.0074038683,0.12635037
2022-03-01/2022-04-01,0.006301889,0.11223334
2022-03-01/2022-04-01,0.007944837,0.095926926
2022-03-01/2022-04-01,0.006888209,0.23315637
2022-03-01/2022-04-01,0.014587896,0.21133538
2022-03-01/2022-04-01,0.0074968073,0.06537655
2022-03-01/2022-04-01,0.006497885,0.21760625
2022-03-01/2022-04-01,0.008193993,0.116088174
2022-03-01/2022-04-01,0.0063337544,0.059610777
2022-03-01/2022-04-01,0.0092785405,0.15723544
2022-03-01/2022-04-01,0.004833158,0.13459188
2022-03-01/2022-04-01,0.005701261,0.10935363
2022-03-01/2022-04-01,0.0051445337,0.055612095
2022-03-01/2022-04-01,0.0055300295,0.044064254
2022-03-01/2022-04-01,0.013423141,0.17117143
2022-03-01/2022-04-01,0.008256806,0.1719364
2022-03-01/2022-04-01,0.008944004,0.13403717
2022-03-01/2022-04-01,0.005942988,0.1387355
2022-03-01/2022-04-01,0.0056110695,0.108182006
2022-03-01/2022-04-01,0.0061741164,0.19069475
2022-03-01/2022-04-01,0.0063362145,0.17597252
2022-03-01/2022-04-01,0.015286731,0.30066067
2022-03-01/2022-04-01,0.011735524,0.20957848
2022-03-01/2022-04-01,0.005360994,0.05195771
2022-03-01/2022-04-01,0.016646072,0.3713925
2022-03-01/2022-04-01,0.005636068,0.059194066
2022-03-01/2022-04-01,0.0060329475,0.1651839
2022-03-01/2022-04-01,0.032167036,0.26347244
2022-03-01/2022-04-01,0.010483945,0.09749166
2022-03-01/2022-04-01,0.004743777,0.078927875
2022-03-01/2022-04-01,0.015265493,0.085804164
2022-03-01/2022-04-01,0.008062312,0.10910237
2022-03-01/2022-04-01,0.006361404,0.12391901
2022-03-01/2022-04-01,0.021231562,0.18989605
2022-03-01/2022-04-01,0.020347815,0.2517814
2022-03-01/2022-04-01,0.0063688797,0.08544113
2022-03-01/2022-04-01,0.008513351,0.19751656
2022-03-01/2022-04-01,0.02138638,0.14851564
2022-03-01/2022-04-01,0.077644855,0.1871776
2022-03-01/2022-04-01,0.08290263,0.18710704
2022-03-01/2022-04-01,0.0755513,0.16297355
2022-03-01/2022-04-01,0.07473382,0.20404729
2022-03-01/2022-04-01,0.06771703,0.23704378
2022-03-01/2022-04-01,0.063041575,0.18271822
2022-03-01/2022-04-01,0.0643214,0.222752
2022-03-01/2022-04-01,0.071853384,0.24940579
2022-03-01/2022-04-01,0.07466247,0.2352524
2022-03-01/2022-04-01,0.06428768,0.22966555
2022-03-01/2022-04-01,0.050542325,0.15534785
2022-03-01/2022-04-01,0.054108478,0.20140032
2022-03-01/2022-04-01,0.079370216,0.3704459
2022-03-01/2022-04-01,0.09122938,0.40190846
2022-03-01/2022-04-01,0.06832505,0.2662509
2022-03-01/2022-04-01,0.07065484,0.27162856
2022-03-01/2022-04-01,0.07232759,0.32739183
2022-03-01/2022-04-01,0.08956918,0.31179994
2022-03-01/2022-04-01,0.110887714,0.2542796
2022-03-01/2022-04-01,0.07718864,0.19562054
2022-03-01/2022-04-01,0.06478684,0.25232193
2022-03-01/2022-04-01,0.06851229,0.32692003
2022-03-01/2022-04-01,0.06293359,0.3180151
2022-03-01/2022-04-01,0.07653574,0.22909114
2022-03-01/2022-04-01,0.074557096,0.2264823
2022-03-01/2022-04-01,0.062390715,0.1658937
2022-03-01/2022-04-01,0.04664591,0.19697396
2022-03-01/2022-04-01,0.06330128,0.31746316
2022-03-01/2022-04-01,0.06673519,0.24495035
2022-03-01/2022-04-01,0.056507885,0.19843522
2022-03-01/2022-04-01,0.04741673,0.20473263
2022-03-01/2022-04-01,0.05282569,0.20616606
2022-03-01/2022-04-01,0.05729298,0.22515854
2022-03-01/2022-04-01,0.056416932,0.18853347
2022-03-01/2022-04-01,0.059902318,0.18014954
2022-03-01/2022-04-01,0.05227357,0.2259191
2022-03-01/2022-04-01,0.055011295,0.23165765
2022-03-01/2022-04-01,0.07447323,0.24950764
2022-03-01/2022-04-01,0.07475055,0.27110225
2022-03-01/2022-04-01,0.07173945,0.28960007
2022-03-01/2022-04-01,0.07722095,0.27791375
2022-03-01/2022-04-01,0.06473835,0.16211723
2022-03-01/2022-04-01,0.04148855,0.15705895
2022-03-01/2022-04-01,0.057601817,0.18185669
2022-03-01/2022-04-01,0.0641195,0.23593095
2022-03-01/2022-04-01,0.060606614,0.2532243
2022-03-01/2022-04-01,0.051719762,0.25617003
2022-03-01/2022-04-01,0.050873995,0.26583767
2022-03-01/2022-04-01,0.04683105,0.25335473
2022-03-01/2022-04-01,0.04984522,0.24319428
2022-03-01/2022-04-01,0.059257984,0.21041042
2022-03-01/2022-04-01,0.062616475,0.18900287
2022-03-01/2022-04-01,0.06630324,0.16191754
2022-03-01/2022-04-01,0.06324051,0.15962486
2022-03-01/2022-04-01,0.053662706,0.19103397
2022-03-01/2022-04-01,0.06756981,0.18820262
2022-03-01/2022-04-01,0.06574677,0.24387312
2022-03-01/2022-04-01,0.05325403,0.20015483
2022-03-01/2022-04-01,0.05089252,0.15203972
2022-03-01/2022-04-01,0.055367984,0.1649132
2022-03-01/2022-04-01,0.055318534,0.2376086
2022-03-01/2022-04-01,0.060505986,0.26440078
2022-03-01/2022-04-01,0.04725022,0.21837606
2022-03-01/2022-04-01,0.045705456,0.14562291
2022-03-01/2022-04-01,0.073495686,0.2092473
2022-03-01/2022-04-01,0.10918535,0.25164577
2022-03-01/2022-04-01,0.10871618,0.2937792
2022-03-01/2022-04-01,0.061070107,0.18958056
2022-03-01/2022-04-01,0.04357481,0.1567274
2022-03-01/2022-04-01,0.058446154,0.15481642
2022-03-01/2022-04-01,0.07787917,0.19453143
2022-03-01/2022-04-01,0.085008845,0.233176
2022-03-01/2022-04-01,0.070513174,0.21130541
2022-03-01/2022-04-01,0.06985322,0.16316381
2022-03-01/2022-04-01,0.06662314,0.20504442
2022-03-01/2022-04-01,0.06660478,0.25427914
2022-03-01/2022-04-01,0.06690307,0.3069235
2022-03-01/2022-04-01,0.07162813,0.26186338
2022-03-01/2022-04-01,0.06301835,0.26231396
2022-03-01/2022-04-01,0.062993124,0.30274767
2022-03-01/2022-04-01,0.07466772,0.29638645
2022-03-01/2022-04-01,0.07895536,0.25873303
2022-03-01/2022-04-01,0.05946479,0.23874903
2022-03-01/2022-04-01,0.056310587,0.29643625
2022-03-01/2022-04-01,0.0831777,0.34105307
2022-03-01/2022-04-01,0.07137874,0.21502987
2022-03-01/2022-04-01,0.060632825,0.20853472
2022-03-01/2022-04-01,0.052507244,0.22563413
2022-03-01/2022-04-01,0.054798946,0.2278844
2022-03-01/2022-04-01,0.090519175,0.25994128
2022-03-01/2022-04-01,0.08363594,0.25835067
2022-03-01/2022-04-01,0.07278043,0.25417957
2022-03-01/2022-04-01,0.08487905,0.30207697
2022-03-01/2022-04-01,0.06865771,0.24684995
2022-03-01/2022-04-01,0.03706108,0.16671425
2022-03-01/2022-04-01,0.05611369,0.18264897
2022-03-01/2022-04-01,0.070148736,0.20950902
2022-03-01/2022-04-01,0.07825503,0.26644272
2022-03-01/2022-04-01,0.06133165,0.32004195
2022-03-01/2022-04-01,0.049031086,0.29701775
2022-03-01/2022-04-01,0.0049305996,0.022571808
2022-03-01/2022-04-01,0.0041723857,0.018680936
2022-03-01/2022-04-01,0.0052090543,0.020815182
2022-03-01/2022-04-01,0.0044723595,0.016474955
2022-03-01/2022-04-01,0.0058643296,0.020842781
2022-03-01/2022-04-01,0.0059460383,0.022460897
2022-03-01/2022-04-01,0.0040642507,0.02007011
2022-03-01/2022-04-01,0.0052401787,0.026227351
2022-03-01/2022-04-01,0.0047245985,0.024126327
2022-03-01/2022-04-01,0.0046918904,0.023776274
2022-03-01/2022-04-01,0.004391075,0.02197787
2022-03-01/2022-04-01,0.0044266405,0.026890397
2022-03-01/2022-04-01,0.0040397746,0.02625058
2022-03-01/2022-04-01,0.0041447547,0.026003521
2022-03-01/2022-04-01,0.0052390415,0.031633116
2022-03-01/2022-04-01,0.006782058,0.02944084
2022-03-01/2022-04-01,0.004582037,0.023428168
2022-03-01/2022-04-01,0.0047417637,0.023468912
2022-03-01/2022-04-01,0.0055805463,0.025628954
2022-03-01/2022-04-01,0.005693951,0.030906301
2022-03-01/2022-04-01,0.005726195,0.024313223
2022-03-01/2022-04-01,0.004860664,0.021920055
2022-03-01/2022-04-01,0.004765738,0.018501408
2022-03-01/2022-04-01,0.0051239654,0.019536097
2022-03-01/2022-04-01,0.0057936516,0.022017978
2022-03-01/2022-04-01,0.0066735568,0.02460768
2022-03-01/2022-04-01,0.005692969,0.022634387
2022-03-01/2022-04-01,0.0049886713,0.022699289
2022-03-01/2022-04-01,0.0063157235,0.03112971
2022-03-01/2022-04-01,0.0041790376,0.017245602
2022-03-01/2022-04-01,0.004294545,0.018218301
2022-03-01/2022-04-01,0.004447892,0.019888997
2022-03-01/2022-04-01,0.004596806,0.020946313
2022-03-01/2022-04-01,0.006058568,0.023352731
2022-03-01/2022-04-01,0.005449054,0.026506841
2022-03-01/2022-04-01,0.004572546,0.021855671
2022-03-01/2022-04-01,0.004868551,0.02023335
2022-03-01/2022-04-01,0.005175478,0.019072987
2022-03-01/2022-04-01,0.0039946046,0.016982052
2022-03-01/2022-04-01,0.0038213858,0.016615186
2022-03-01/2022-04-01,0.0041403063,0.018914232
2022-03-01/2022-04-01,0.004890754,0.022291519
2022-03-01/2022-04-01,0.0064699994,0.02467719
2022-03-01/2022-04-01,0.006709792,0.03044079
2022-03-01/2022-04-01,0.004943739,0.021612057
2022-03-01/2022-04-01,0.00469718,0.019113295
2022-03-01/2022-04-01,0.005649414,0.018859215
2022-03-01/2022-04-01,0.0061535104,0.018441815
2022-03-01/2022-04-01,0.0043923846,0.017287197
2022-03-01/2022-04-01,0.004169019,0.016784351
2022-03-01/2022-04-01,0.05169864,0.25965104
2022-03-01/2022-04-01,0.041865595,0.20215257
2022-03-01/2022-04-01,0.05008468,0.2686143
2022-03-01/2022-04-01,0.04791925,0.21477127
2022-03-01/2022-04-01,0.049645588,0.22224106
2022-03-01/2022-04-01,0.063112356,0.29569396
2022-03-01/2022-04-01,0.06283264,0.32149774
2022-03-01/2022-04-01,0.060329936,0.30635762
2022-03-01/2022-04-01,0.06231329,0.2749311
2022-03-01/2022-04-01,0.079233125,0.28117675
2022-03-01/2022-04-01,0.072119296,0.26630586
2022-03-01/2022-04-01,0.06256761,0.25264457
2022-03-01/2022-04-01,0.06255737,0.3341011
2022-03-01/2022-04-01,0.06503089,0.35704982
2022-03-01/2022-04-01,0.066612065,0.29556334
2022-03-01/2022-04-01,0.06661772,0.25767934
2022-03-01/2022-04-01,0.063909985,0.2692479
2022-03-01/2022-04-01,0.054003946,0.25533968
2022-03-01/2022-04-01,0.060897384,0.24638194
2022-03-01/2022-04-01,0.06345512,0.23183483
2022-03-01/2022-04-01,0.06372587,0.2823645
2022-03-01/2022-04-01,0.069735095,0.34351337
2022-03-01/2022-04-01,0.068186656,0.25416148
2022-03-01/2022-04-01,0.06401914,0.24200279
2022-03-01/2022-04-01,0.04804127,0.23340538
2022-03-01/2022-04-01,0.05016002,0.20419165
2022-03-01/2022-04-01,0.053128082,0.23621207
2022-03-01/2022-04-01,0.059398964,0.25480297
2022-03-01/2022-04-01,0.05789178,0.27421737
2022-03-01/2022-04-01,0.06573493,0.27169615
2022-03-01/2022-04-01,0.08484504,0.32428554
2022-03-01/2022-04-01,0.08637752,0.32608646
2022-03-01/2022-04-01,0.07133601,0.21582505
2022-03-01/2022-04-01,0.06635493,0.23547855
2022-03-01/2022-04-01,0.047733024,0.21852727
2022-03-01/2022-04-01,0.04546418,0.21008569
2022-03-01/2022-04-01,0.051051103,0.23422728
2022-03-01/2022-04-01,0.05393196,0.24055707
2022-03-01/2022-04-01,0.05917916,0.2721365
2022-03-01/2022-04-01,0.06274238,0.2572159
2022-03-01/2022-04-01,0.060013928,0.3194177
2022-03-01/2022-04-01,0.05789178,0.25743404
2022-03-01/2022-04-01,0.05905084,0.24548325
2022-03-01/2022-04-01,0.064169645,0.2896246
2022-03-01/2022-04-01,0.06343725,0.25894824
2022-03-01/2022-04-01,0.05185148,0.22821812
2022-03-01/2022-04-01,0.053758673,0.2306046
2022-03-01/2022-04-01,0.053758673,0.2073909
2022-03-01/2022-04-01,0.04766286,0.22301207
2022-03-01/2022-04-01,0.04852094,0.24579845
2022-03-01/2022-04-01,0.00620892,0.014656819
2022-03-01/2022-04-01,0.005053629,0.016816646
2022-03-01/2022-04-01,0.006692153,0.020903666
2022-03-01/2022-04-01,0.0044018817,0.020068869
2022-03-01/2022-04-01,0.005273068,0.022586472
2022-03-01/2022-04-01,0.0061724596,0.01962831
2022-03-01/2022-04-01,0.0059812516,0.018015834
2022-03-01/2022-04-01,0.004746589,0.017741535
2022-03-01/2022-04-01,0.004843128,0.017851166
2022-03-01/2022-04-01,0.00526237,0.016554937
2022-03-01/2022-04-01,0.0061750337,0.018194899
2022-03-01/2022-04-01,0.007266188,0.014934621
2022-03-01/2022-04-01,0.0069458648,0.015021503
2022-03-01/2022-04-01,0.0053326013,0.017324792
2022-03-01/2022-04-01,0.0053973845,0.017807841
2022-03-01/2022-04-01,0.005367405,0.013303599
2022-03-01/2022-04-01,0.006008805,0.014543568
2022-03-01/2022-04-01,0.0061671776,0.01485626
2022-03-01/2022-04-01,0.005986215,0.013696195
2022-03-01/2022-04-01,0.005291653,0.014510148
2022-03-01/2022-04-01,0.005005551,0.014809475
2022-03-01/2022-04-01,0.0051758513,0.01645789
2022-03-01/2022-04-01,0.00524538,0.01740858
2022-03-01/2022-04-01,0.0051498516,0.016695833
2022-03-01/2022-04-01,0.0050207675,0.016572654
2022-03-01/2022-04-01,0.0051493873,0.016116234
2022-03-01/2022-04-01,0.0049732164,0.014837928
2022-03-01/2022-04-01,0.005672183,0.015323637
2022-03-01/2022-04-01,0.0062053846,0.013824759
2022-03-01/2022-04-01,0.0049636755,0.016210534
2022-03-01/2022-04-01,0.004387218,0.0148513
2022-03-01/2022-04-01,0.0051022395,0.018344872
2022-03-01/2022-04-01,0.0053364523,0.018280767
2022-03-01/2022-04-01,0.0052443803,0.016468644
2022-03-01/2022-04-01,0.0049243113,0.020058233
2022-03-01/2022-04-01,0.0055104964,0.019608043
2022-03-01/2022-04-01,0.005802527,0.017384093
2022-03-01/2022-04-01,0.0056561013,0.016709665
2022-03-01/2022-04-01,0.0057696947,0.013845537
2022-03-01/2022-04-01,0.005240685,0.015298603
2022-03-01/2022-04-01,0.0055467803,0.01571827
2022-03-01/2022-04-01,0.0047979876,0.014156629
2022-03-01/2022-04-01,0.0048591774,0.017085172
2022-03-01/2022-04-01,0.0059023956,0.018740939
2022-03-01/2022-04-01,0.0049423827,0.017465169
2022-03-01/2022-04-01,0.004885887,0.020830635
2022-03-01/2022-04-01,0.005835319,0.0201518
2022-03-01/2022-04-01,0.0060213725,0.016699858
2022-03-01/2022-04-01,0.0056107324,0.016094295
2022-03-01/2022-04-01,0.005112428,0.0132219605
2022-03-01/2022-04-01,0.04860924,0.24497034
2022-03-01/2022-04-01,0.062117375,0.18451042
2022-03-01/2022-04-01,0.049657613,0.22416265
2022-03-01/2022-04-01,0.04232903,0.23438755
2022-03-01/2022-04-01,0.051397864,0.24866268
2022-03-01/2022-04-01,0.07046576,0.22779535
2022-03-01/2022-04-01,0.053833082,0.20260844
2022-03-01/2022-04-01,0.04720635,0.2277478
2022-03-01/2022-04-01,0.04696121,0.21996099
2022-03-01/2022-04-01,0.051568475,0.19880638
2022-03-01/2022-04-01,0.05824694,0.21189137
2022-03-01/2022-04-01,0.06442329,0.27227378
2022-03-01/2022-04-01,0.06869365,0.2598363
2022-03-01/2022-04-01,0.06938904,0.19421849
2022-03-01/2022-04-01,0.060107283,0.20794758
2022-03-01/2022-04-01,0.054908033,0.20968606
2022-03-01/2022-04-01,0.0570561,0.17138237
2022-03-01/2022-04-01,0.059638727,0.18037686
2022-03-01/2022-04-01,0.062001433,0.26210684
2022-03-01/2022-04-01,0.057238445,0.24799284
2022-03-01/2022-04-01,0.05214126,0.2775356
2022-03-01/2022-04-01,0.047184616,0.26680756
2022-03-01/2022-04-01,0.07202783,0.32554722
2022-03-01/2022-04-01,0.07395256,0.3097708
2022-03-01/2022-04-01,0.058120877,0.24275413
2022-03-01/2022-04-01,0.057798553,0.2772702
2022-03-01/2022-04-01,0.059501424,0.21417446
2022-03-01/2022-04-01,0.057133935,0.16312091
2022-03-01/2022-04-01,0.057347663,0.19979234
2022-03-01/2022-04-01,0.061083503,0.2877724
2022-03-01/2022-04-01,0.05828336,0.2829464
2022-03-01/2022-04-01,0.058619708,0.2623573
2022-03-01/2022-04-01,0.05951469,0.22601569
2022-03-01/2022-04-01,0.04327854,0.21773717
2022-03-01/2022-04-01,0.054689705,0.21386404
2022-03-01/2022-04-01,0.06743939,0.28654435
2022-03-01/2022-04-01,0.067476586,0.26976016
2022-03-01/2022-04-01,0.050092362,0.2281155
2022-03-01/2022-04-01,0.04913943,0.20080449
2022-03-01/2022-04-01,0.06636406,0.209171
2022-03-01/2022-04-01,0.062726825,0.20178202
2022-03-01/2022-04-01,0.05343343,0.20767047
2022-03-01/2022-04-01,0.0527762,0.24465531
2022-03-01/2022-04-01,0.05577429,0.20733193
2022-03-01/2022-04-01,0.05806859,0.23828226
2022-03-01/2022-04-01,0.053211343,0.19389635
2022-03-01/2022-04-01,0.050756145,0.20014556
2022-03-01/2022-04-01,0.05164095,0.2235534
2022-03-01/2022-04-01,0.05623904,0.24726772
2022-03-01/2022-04-01,0.06441406,0.26893276
